feature,inner_mean_gain_vs_static,inner_positive_vs_static_rate,inner_mean_regret_vs_oracle,inner_top1_hit_rate,outer_mode,outer_fold
router_freq_seasonal_peak_strength,-0.0036857845538066656,0.2,0.05141778566371174,0.17142857142857143,loco,"('ETTh1', 24)"
input_volatility_ratio_late_early,-0.006173469872285528,0.2857142857142857,0.05397213320543945,0.22857142857142856,loco,"('ETTh1', 24)"
router_time_late_early_level_shift,-0.010022168510022985,0.22857142857142856,0.05797148153789635,0.14285714285714285,loco,"('ETTh1', 24)"
router_time_near_zero_fraction,-0.012059130695871048,0.2571428571428571,0.059947347758107214,0.17142857142857143,loco,"('ETTh1', 24)"
router_time_robust_scale_ratio,-0.01268337817055775,0.11428571428571428,0.06058873219405894,0.14285714285714285,loco,"('ETTh1', 24)"
router_multivar_channel_heterogeneity_cv,-0.012749414720023194,0.2,0.06063527732418003,0.11428571428571428,loco,"('ETTh1', 24)"
router_multivar_target_channel_dominance,-0.012794846372811204,0.22857142857142856,0.06070770928119497,0.17142857142857143,loco,"('ETTh1', 24)"
input_cv,-0.02577853821964058,0.17142857142857143,0.07373142087013913,0.11428571428571428,loco,"('ETTh1', 24)"
router_time_iqr_mad_ratio,-0.02658040074732014,0.11428571428571428,0.07694314568558673,0.17142857142857143,loco,"('ETTh1', 24)"
router_freq_harmonic_energy_ratio,-0.028453270897382445,0.0,0.07939335165324889,0.2,loco,"('ETTh1', 24)"
router_timefreq_burstiness_index,-0.029216001277249826,0.14285714285714285,0.07956955430278917,0.11428571428571428,loco,"('ETTh1', 24)"
router_freq_dominant_period_to_horizon_ratio,-0.04149539600087352,0.14285714285714285,0.09465924962499023,0.17142857142857143,loco,"('ETTh1', 24)"
router_timefreq_rolling_spectral_entropy_std,-0.0429582180362665,0.22857142857142856,0.0937119824427017,0.17142857142857143,loco,"('ETTh1', 24)"
router_multivar_cross_channel_mean_abs_corr,-0.051197140332693854,0.05714285714285714,0.10359788372158484,0.17142857142857143,loco,"('ETTh1', 24)"
router_time_outlier_mass_z3,-0.07298165768841094,0.02857142857142857,0.12494155766582316,0.14285714285714285,loco,"('ETTh1', 24)"
input_volatility_ratio_late_early,-0.005822605731242676,0.2857142857142857,0.05397213320543945,0.22857142857142856,loco,"('ETTh1', 48)"
router_multivar_target_channel_dominance,-0.007818022461726368,0.3142857142857143,0.055883157591008516,0.2571428571428571,loco,"('ETTh1', 48)"
router_time_late_early_level_shift,-0.009045625007456754,0.22857142857142856,0.05732961117225214,0.11428571428571428,loco,"('ETTh1', 48)"
router_multivar_channel_heterogeneity_cv,-0.011949493353677086,0.22857142857142856,0.06017167484503538,0.11428571428571428,loco,"('ETTh1', 48)"
router_time_near_zero_fraction,-0.012080202521675524,0.2571428571428571,0.06033028144347462,0.14285714285714285,loco,"('ETTh1', 48)"
router_time_robust_scale_ratio,-0.01268337817055775,0.11428571428571428,0.060955277442299685,0.14285714285714285,loco,"('ETTh1', 48)"
input_cv,-0.02577853821964058,0.17142857142857143,0.07409796611837988,0.11428571428571428,loco,"('ETTh1', 48)"
router_time_iqr_mad_ratio,-0.027363771878960993,0.11428571428571428,0.07809306206546833,0.14285714285714285,loco,"('ETTh1', 48)"
router_timefreq_burstiness_index,-0.035042888554169885,0.14285714285714285,0.08580668711647338,0.11428571428571428,loco,"('ETTh1', 48)"
router_freq_dominant_period_to_horizon_ratio,-0.042278767132514376,0.14285714285714285,0.09580916600487183,0.14285714285714285,loco,"('ETTh1', 48)"
router_timefreq_rolling_spectral_entropy_std,-0.04260735389522365,0.22857142857142856,0.0937119824427017,0.17142857142857143,loco,"('ETTh1', 48)"
router_multivar_cross_channel_mean_abs_corr,-0.04993687010077732,0.08571428571428572,0.10267459719902071,0.17142857142857143,loco,"('ETTh1', 48)"
router_freq_harmonic_energy_ratio,-0.054666718536363935,0.11428571428571428,0.10682781554172487,0.2,loco,"('ETTh1', 48)"
router_freq_seasonal_peak_strength,-0.05509746659924145,0.2,0.1072318258026529,0.14285714285714285,loco,"('ETTh1', 48)"
router_time_outlier_mass_z3,-0.07078783836907485,0.02857142857142857,0.12308188827782805,0.14285714285714285,loco,"('ETTh1', 48)"
input_volatility_ratio_late_early,-0.004935872635391351,0.3142857142857143,0.0533096367365306,0.2571428571428571,loco,"('ETTh1', 168)"
router_time_late_early_level_shift,-0.004974607017410974,0.3142857142857143,0.05335891946451383,0.22857142857142856,loco,"('ETTh1', 168)"
router_multivar_channel_heterogeneity_cv,-0.009730494489232175,0.2857142857142857,0.05817473320336028,0.2,loco,"('ETTh1', 168)"
router_time_near_zero_fraction,-0.009880614197835265,0.3142857142857143,0.05832915231050076,0.22857142857142856,loco,"('ETTh1', 168)"
router_multivar_target_channel_dominance,-0.01283565854445735,0.2,0.061346248300508714,0.14285714285714285,loco,"('ETTh1', 168)"
router_freq_dominant_period_to_horizon_ratio,-0.021655792913741694,0.14285714285714285,0.07072768547109752,0.14285714285714285,loco,"('ETTh1', 168)"
input_cv,-0.024479050398749758,0.17142857142857143,0.07304257383195911,0.11428571428571428,loco,"('ETTh1', 168)"
router_time_iqr_mad_ratio,-0.028034121717749674,0.11428571428571428,0.0789979255337979,0.14285714285714285,loco,"('ETTh1', 168)"
router_time_robust_scale_ratio,-0.03233412546226318,0.17142857142857143,0.08135634961473849,0.14285714285714285,loco,"('ETTh1', 168)"
router_timefreq_burstiness_index,-0.03527199595617752,0.14285714285714285,0.08632173386506736,0.11428571428571428,loco,"('ETTh1', 168)"
router_timefreq_rolling_spectral_entropy_std,-0.041720620799372325,0.2571428571428571,0.09304948597379285,0.2,loco,"('ETTh1', 168)"
router_freq_harmonic_energy_ratio,-0.05489582593837156,0.11428571428571428,0.10734286229031885,0.2,loco,"('ETTh1', 168)"
router_freq_seasonal_peak_strength,-0.05532657400124908,0.2,0.10774687255124689,0.14285714285714285,loco,"('ETTh1', 168)"
router_multivar_cross_channel_mean_abs_corr,-0.05835621189152792,0.05714285714285714,0.1108549642108372,0.17142857142857143,loco,"('ETTh1', 168)"
router_time_outlier_mass_z3,-0.06128113330498197,0.02857142857142857,0.11380298440949566,0.17142857142857143,loco,"('ETTh1', 168)"
input_volatility_ratio_late_early,-0.005605390442890872,0.2857142857142857,0.05397213320543945,0.22857142857142856,loco,"('ETTh1', 336)"
router_multivar_target_channel_dominance,-0.008529773513436638,0.2857142857142857,0.056826718572063124,0.22857142857142856,loco,"('ETTh1', 336)"
router_time_late_early_level_shift,-0.00982155330134906,0.22857142857142856,0.05833894575861709,0.14285714285714285,loco,"('ETTh1', 336)"
router_multivar_channel_heterogeneity_cv,-0.012427766444410264,0.22857142857142856,0.060879998001218294,0.11428571428571428,loco,"('ETTh1', 336)"
router_time_near_zero_fraction,-0.013223762201825648,0.22857142857142856,0.06171028113202297,0.17142857142857143,loco,"('ETTh1', 336)"
router_freq_dominant_period_to_horizon_ratio,-0.021655792913741694,0.14285714285714285,0.07071554747345453,0.14285714285714285,loco,"('ETTh1', 336)"
input_cv,-0.024313008969599835,0.17142857142857143,0.07286152616316095,0.11428571428571428,loco,"('ETTh1', 336)"
router_time_iqr_mad_ratio,-0.028034121717749674,0.11428571428571428,0.0789857875361549,0.14285714285714285,loco,"('ETTh1', 336)"
router_timefreq_burstiness_index,-0.029216001277249826,0.14285714285714285,0.08015847518292783,0.11428571428571428,loco,"('ETTh1', 336)"
router_time_robust_scale_ratio,-0.039866948179316,0.11428571428571428,0.08928379072371016,0.08571428571428572,loco,"('ETTh1', 336)"
router_timefreq_rolling_spectral_entropy_std,-0.041720620799372325,0.2571428571428571,0.09303734797614986,0.2,loco,"('ETTh1', 336)"
router_freq_harmonic_energy_ratio,-0.04883983125944387,0.11428571428571428,0.10117960360817933,0.2,loco,"('ETTh1', 336)"
router_freq_seasonal_peak_strength,-0.0492705793223214,0.2,0.10158361386910734,0.14285714285714285,loco,"('ETTh1', 336)"
router_multivar_cross_channel_mean_abs_corr,-0.05835621189152792,0.05714285714285714,0.11084282621319419,0.17142857142857143,loco,"('ETTh1', 336)"
router_time_outlier_mass_z3,-0.06128113330498197,0.02857142857142857,0.11379084641185265,0.17142857142857143,loco,"('ETTh1', 336)"
router_time_late_early_level_shift,-0.005241906959432966,0.3142857142857143,0.05078028867181378,0.22857142857142856,loco,"('ETTh1', 720)"
input_volatility_ratio_late_early,-0.007135297009383097,0.2571428571428571,0.05279333155209912,0.22857142857142856,loco,"('ETTh1', 720)"
router_multivar_target_channel_dominance,-0.008331388985578086,0.2857142857142857,0.05380032450351736,0.2571428571428571,loco,"('ETTh1', 720)"
router_time_iqr_mad_ratio,-0.008514938278691146,0.11428571428571428,0.054181270077299414,0.14285714285714285,loco,"('ETTh1', 720)"
router_multivar_channel_heterogeneity_cv,-0.008746306198360502,0.2571428571428571,0.054187576589921904,0.2,loco,"('ETTh1', 720)"
router_time_near_zero_fraction,-0.010654071575237975,0.2571428571428571,0.05624109730884886,0.2,loco,"('ETTh1', 720)"
router_time_robust_scale_ratio,-0.02126442322500109,0.11428571428571428,0.06717423261679073,0.14285714285714285,loco,"('ETTh1', 720)"
router_freq_dominant_period_to_horizon_ratio,-0.021655792913741694,0.14285714285714285,0.06788760436842295,0.14285714285714285,loco,"('ETTh1', 720)"
router_timefreq_rolling_spectral_entropy_std,-0.0222014373603138,0.2571428571428571,0.06823283051729435,0.2,loco,"('ETTh1', 720)"
input_cv,-0.02577853821964058,0.17142857142857143,0.0714923986452462,0.11428571428571428,loco,"('ETTh1', 720)"
router_timefreq_burstiness_index,-0.029216001277249826,0.14285714285714285,0.07733053207789624,0.11428571428571428,loco,"('ETTh1', 720)"
router_multivar_cross_channel_mean_abs_corr,-0.03883702845246939,0.05714285714285714,0.08603830875433871,0.17142857142857143,loco,"('ETTh1', 720)"
router_freq_harmonic_energy_ratio,-0.04883983125944387,0.11428571428571428,0.09835166050314774,0.2,loco,"('ETTh1', 720)"
router_freq_seasonal_peak_strength,-0.0492705793223214,0.2,0.09875567076407576,0.14285714285714285,loco,"('ETTh1', 720)"
router_time_outlier_mass_z3,-0.06128113330498197,0.02857142857142857,0.11096290330682107,0.17142857142857143,loco,"('ETTh1', 720)"
router_freq_seasonal_peak_strength,-0.002178828080924364,0.22857142857142856,0.05070444476351768,0.17142857142857143,loco,"('ETTh2', 24)"
input_volatility_ratio_late_early,-0.00433105602186749,0.3142857142857143,0.0529224356418441,0.2571428571428571,loco,"('ETTh2', 24)"
router_multivar_target_channel_dominance,-0.008529773513436638,0.2857142857142857,0.05705313558571568,0.2,loco,"('ETTh2', 24)"
router_time_near_zero_fraction,-0.010654071575237975,0.2571428571428571,0.059295457427533005,0.17142857142857143,loco,"('ETTh2', 24)"
router_multivar_channel_heterogeneity_cv,-0.012227535009394578,0.2,0.06091233019573134,0.11428571428571428,loco,"('ETTh2', 24)"
router_time_robust_scale_ratio,-0.01268337817055775,0.11428571428571428,0.061404070087850156,0.11428571428571428,loco,"('ETTh2', 24)"
router_time_late_early_level_shift,-0.024761090398491493,0.3142857142857143,0.07581122314432184,0.2,loco,"('ETTh2', 24)"
router_timefreq_burstiness_index,-0.025555082289272422,0.3142857142857143,0.07659369516090281,0.2,loco,"('ETTh2', 24)"
input_cv,-0.02577853821964058,0.17142857142857143,0.07454675876393035,0.08571428571428572,loco,"('ETTh2', 24)"
router_time_iqr_mad_ratio,-0.028034121717749674,0.11428571428571428,0.07921220454980746,0.11428571428571428,loco,"('ETTh2', 24)"
router_freq_harmonic_energy_ratio,-0.029315238648126796,0.08571428571428572,0.08107515698936342,0.14285714285714285,loco,"('ETTh2', 24)"
router_timefreq_rolling_spectral_entropy_std,-0.04111580418584847,0.2571428571428571,0.09266228487910635,0.2,loco,"('ETTh2', 24)"
router_freq_dominant_period_to_horizon_ratio,-0.042278767132514376,0.14285714285714285,0.09625795865042229,0.11428571428571428,loco,"('ETTh2', 24)"
router_multivar_cross_channel_mean_abs_corr,-0.04969018385981156,0.08571428571428572,0.10288454282139078,0.17142857142857143,loco,"('ETTh2', 24)"
router_time_outlier_mass_z3,-0.06582376646302134,0.02857142857142857,0.11860359687206797,0.14285714285714285,loco,"('ETTh2', 24)"
router_time_late_early_level_shift,-0.005241906959432966,0.3142857142857143,0.05291547608275144,0.22857142857142856,loco,"('ETTh2', 48)"
input_volatility_ratio_late_early,-0.007135297009383097,0.2571428571428571,0.05492851896303678,0.22857142857142856,loco,"('ETTh2', 48)"
router_multivar_target_channel_dominance,-0.008529773513436638,0.2857142857142857,0.05613396287796921,0.22857142857142856,loco,"('ETTh2', 48)"
router_time_near_zero_fraction,-0.010654071575237975,0.2571428571428571,0.05837628471978652,0.2,loco,"('ETTh2', 48)"
router_multivar_channel_heterogeneity_cv,-0.012227535009394578,0.2,0.05999315748798485,0.14285714285714285,loco,"('ETTh2', 48)"
router_freq_dominant_period_to_horizon_ratio,-0.021655792913741694,0.14285714285714285,0.07002279177936062,0.14285714285714285,loco,"('ETTh2', 48)"
input_cv,-0.02577853821964058,0.17142857142857143,0.07362758605618387,0.11428571428571428,loco,"('ETTh2', 48)"
router_timefreq_burstiness_index,-0.027523613661874842,0.14285714285714285,0.07777333187345892,0.17142857142857143,loco,"('ETTh2', 48)"
router_time_iqr_mad_ratio,-0.028034121717749674,0.11428571428571428,0.07829303184206099,0.14285714285714285,loco,"('ETTh2', 48)"
router_time_robust_scale_ratio,-0.04026826704293585,0.11428571428571428,0.08894218641308532,0.08571428571428572,loco,"('ETTh2', 48)"
router_freq_seasonal_peak_strength,-0.04093984827869188,0.2,0.0920324885690492,0.14285714285714285,loco,"('ETTh2', 48)"
router_time_outlier_mass_z3,-0.050104049514165146,0.05714285714285714,0.09809160191941013,0.14285714285714285,loco,"('ETTh2', 48)"
router_freq_harmonic_energy_ratio,-0.05098597021893604,0.08571428571428572,0.10348302636391106,0.17142857142857143,loco,"('ETTh2', 48)"
router_timefreq_rolling_spectral_entropy_std,-0.052279696254623025,0.17142857142857143,0.10291410327991199,0.11428571428571428,loco,"('ETTh2', 48)"
router_multivar_cross_channel_mean_abs_corr,-0.054496746764611394,0.05714285714285714,0.1061153085700708,0.17142857142857143,loco,"('ETTh2', 48)"
router_time_late_early_level_shift,-0.005241906959432966,0.3142857142857143,0.053834648790497916,0.2,loco,"('ETTh2', 168)"
input_volatility_ratio_late_early,-0.007135297009383097,0.2571428571428571,0.05584769167078326,0.2,loco,"('ETTh2', 168)"
router_multivar_target_channel_dominance,-0.008529773513436638,0.2857142857142857,0.05705313558571568,0.2,loco,"('ETTh2', 168)"
router_time_near_zero_fraction,-0.010654071575237975,0.2571428571428571,0.059295457427533005,0.17142857142857143,loco,"('ETTh2', 168)"
router_multivar_channel_heterogeneity_cv,-0.012227535009394578,0.2,0.06091233019573134,0.11428571428571428,loco,"('ETTh2', 168)"
router_freq_dominant_period_to_horizon_ratio,-0.023527076624996052,0.14285714285714285,0.0729204500836597,0.11428571428571428,loco,"('ETTh2', 168)"
input_cv,-0.02577853821964058,0.17142857142857143,0.07454675876393035,0.08571428571428572,loco,"('ETTh2', 168)"
router_time_iqr_mad_ratio,-0.028034121717749674,0.11428571428571428,0.07921220454980747,0.11428571428571428,loco,"('ETTh2', 168)"
router_timefreq_burstiness_index,-0.029216001277249826,0.14285714285714285,0.0803848921965804,0.08571428571428572,loco,"('ETTh2', 168)"
router_timefreq_rolling_spectral_entropy_std,-0.04172062079937232,0.2571428571428571,0.0932637649898024,0.17142857142857143,loco,"('ETTh2', 168)"
router_time_robust_scale_ratio,-0.04214281601292399,0.11428571428571428,0.0918066917948584,0.08571428571428572,loco,"('ETTh2', 168)"
router_freq_harmonic_energy_ratio,-0.04883983125944387,0.11428571428571428,0.10140602062183189,0.17142857142857143,loco,"('ETTh2', 168)"
router_freq_seasonal_peak_strength,-0.0492705793223214,0.2,0.10181003088275993,0.11428571428571428,loco,"('ETTh2', 168)"
router_multivar_cross_channel_mean_abs_corr,-0.05835621189152792,0.05714285714285714,0.11106924322684678,0.14285714285714285,loco,"('ETTh2', 168)"
router_time_outlier_mass_z3,-0.06128113330498197,0.02857142857142857,0.11401726342550522,0.14285714285714285,loco,"('ETTh2', 168)"
router_time_late_early_level_shift,-0.005241906959432966,0.3142857142857143,0.052197852087731714,0.22857142857142856,loco,"('ETTh2', 336)"
input_volatility_ratio_late_early,-0.007135297009383097,0.2571428571428571,0.05421089496801705,0.22857142857142856,loco,"('ETTh2', 336)"
router_time_iqr_mad_ratio,-0.008514938278691146,0.11428571428571428,0.05559883349321734,0.14285714285714285,loco,"('ETTh2', 336)"
router_multivar_target_channel_dominance,-0.008529773513436638,0.2857142857142857,0.05541633888294948,0.22857142857142856,loco,"('ETTh2', 336)"
router_time_near_zero_fraction,-0.010654071575237975,0.2571428571428571,0.057658660724766796,0.2,loco,"('ETTh2', 336)"
router_multivar_channel_heterogeneity_cv,-0.012227535009394578,0.2,0.059275533492965125,0.14285714285714285,loco,"('ETTh2', 336)"
router_time_robust_scale_ratio,-0.02126442322500109,0.11428571428571428,0.06859179603270867,0.14285714285714285,loco,"('ETTh2', 336)"
router_timefreq_rolling_spectral_entropy_std,-0.0222014373603138,0.2571428571428571,0.06965039393321228,0.2,loco,"('ETTh2', 336)"
router_freq_dominant_period_to_horizon_ratio,-0.023413819123047203,0.14285714285714285,0.0710631939936464,0.11428571428571428,loco,"('ETTh2', 336)"
input_cv,-0.02577853821964058,0.17142857142857143,0.07290996206116414,0.11428571428571428,loco,"('ETTh2', 336)"
router_timefreq_burstiness_index,-0.029216001277249826,0.14285714285714285,0.07874809549381417,0.11428571428571428,loco,"('ETTh2', 336)"
router_multivar_cross_channel_mean_abs_corr,-0.03883702845246939,0.05714285714285714,0.08745587217025665,0.17142857142857143,loco,"('ETTh2', 336)"
router_freq_harmonic_energy_ratio,-0.04883983125944387,0.11428571428571428,0.09976922391906566,0.2,loco,"('ETTh2', 336)"
router_freq_seasonal_peak_strength,-0.0492705793223214,0.2,0.1001732341799937,0.14285714285714285,loco,"('ETTh2', 336)"
router_time_outlier_mass_z3,-0.06128113330498197,0.02857142857142857,0.112380466722739,0.17142857142857143,loco,"('ETTh2', 336)"
input_volatility_ratio_late_early,-0.005199385613539019,0.3142857142857143,0.050990043417306986,0.2571428571428571,loco,"('ETTh2', 720)"
router_time_late_early_level_shift,-0.005241906959432966,0.3142857142857143,0.051051593472744926,0.22857142857142856,loco,"('ETTh2', 720)"
router_time_iqr_mad_ratio,-0.008514938278691146,0.11428571428571428,0.054452574878230554,0.14285714285714285,loco,"('ETTh2', 720)"
router_multivar_target_channel_dominance,-0.008529773513436638,0.2857142857142857,0.05427008026796269,0.22857142857142856,loco,"('ETTh2', 720)"
router_timefreq_burstiness_index,-0.0096968178381913,0.14285714285714285,0.05562526252500347,0.11428571428571428,loco,"('ETTh2', 720)"
router_time_robust_scale_ratio,-0.009815375085784898,0.11428571428571428,0.05595278898998229,0.17142857142857143,loco,"('ETTh2', 720)"
router_time_near_zero_fraction,-0.010654071575237975,0.2571428571428571,0.056512402109780015,0.2,loco,"('ETTh2', 720)"
router_multivar_channel_heterogeneity_cv,-0.012227535009394578,0.2,0.058129274877978344,0.14285714285714285,loco,"('ETTh2', 720)"
router_freq_dominant_period_to_horizon_ratio,-0.021655792913741694,0.14285714285714285,0.06815890916935409,0.14285714285714285,loco,"('ETTh2', 720)"
router_timefreq_rolling_spectral_entropy_std,-0.0222014373603138,0.2571428571428571,0.06850413531822548,0.2,loco,"('ETTh2', 720)"
input_cv,-0.02577853821964058,0.17142857142857143,0.07176370344617734,0.11428571428571428,loco,"('ETTh2', 720)"
router_freq_harmonic_energy_ratio,-0.02932064782038534,0.11428571428571428,0.07664639095025495,0.2,loco,"('ETTh2', 720)"
router_freq_seasonal_peak_strength,-0.029751395883262866,0.2,0.07705040121118299,0.14285714285714285,loco,"('ETTh2', 720)"
router_multivar_cross_channel_mean_abs_corr,-0.03883702845246939,0.05714285714285714,0.08630961355526984,0.17142857142857143,loco,"('ETTh2', 720)"
router_time_outlier_mass_z3,-0.041761949865923444,0.02857142857142857,0.08925763375392831,0.17142857142857143,loco,"('ETTh2', 720)"
router_time_late_early_level_shift,-0.005241906959432966,0.3142857142857143,0.052356669814486285,0.22857142857142856,loco,"('ETTm1', 24)"
input_volatility_ratio_late_early,-0.007135297009383097,0.2571428571428571,0.05436971269477164,0.22857142857142856,loco,"('ETTm1', 24)"
router_multivar_channel_heterogeneity_cv,-0.009997794431254169,0.2857142857142857,0.057172483553332744,0.2,loco,"('ETTm1', 24)"
router_time_near_zero_fraction,-0.010147914139857259,0.3142857142857143,0.05732690266047323,0.22857142857142856,loco,"('ETTm1', 24)"
router_multivar_target_channel_dominance,-0.013102958486479346,0.2,0.06034399865048118,0.14285714285714285,loco,"('ETTm1', 24)"
input_cv,-0.026655182816686107,0.17142857142857143,0.07390595077721665,0.11428571428571428,loco,"('ETTm1', 24)"
router_time_iqr_mad_ratio,-0.028034121717749674,0.11428571428571428,0.07773422557379585,0.14285714285714285,loco,"('ETTm1', 24)"
router_timefreq_burstiness_index,-0.029216001277249826,0.14285714285714285,0.07890691322056877,0.11428571428571428,loco,"('ETTm1', 24)"
router_time_robust_scale_ratio,-0.03354916541751601,0.11428571428571428,0.08127367175168124,0.08571428571428572,loco,"('ETTm1', 24)"
router_timefreq_rolling_spectral_entropy_std,-0.04172062079937232,0.2571428571428571,0.09178578601379078,0.2,loco,"('ETTm1', 24)"
router_freq_dominant_period_to_horizon_ratio,-0.041906995559497874,0.14285714285714285,0.09436304452993459,0.14285714285714285,loco,"('ETTm1', 24)"
router_freq_harmonic_energy_ratio,-0.04883983125944387,0.11428571428571428,0.09992804164582025,0.2,loco,"('ETTm1', 24)"
router_freq_seasonal_peak_strength,-0.0492705793223214,0.2,0.10033205190674829,0.14285714285714285,loco,"('ETTm1', 24)"
router_multivar_cross_channel_mean_abs_corr,-0.05835621189152792,0.05714285714285714,0.10959126425083511,0.17142857142857143,loco,"('ETTm1', 24)"
router_time_outlier_mass_z3,-0.06128113330498197,0.02857142857142857,0.1125392844494936,0.17142857142857143,loco,"('ETTm1', 24)"
router_freq_seasonal_peak_strength,-0.004701637646130934,0.2,0.05145019811984522,0.14285714285714285,loco,"('ETTm1', 48)"
router_time_late_early_level_shift,-0.0057204210275252155,0.2857142857142857,0.052447393353645594,0.22857142857142856,loco,"('ETTm1', 48)"
input_volatility_ratio_late_early,-0.007135297009383097,0.2571428571428571,0.053952777550295546,0.22857142857142856,loco,"('ETTm1', 48)"
router_multivar_channel_heterogeneity_cv,-0.010740460876579644,0.22857142857142856,0.05755160981273456,0.2,loco,"('ETTm1', 48)"
router_time_near_zero_fraction,-0.010904879993672687,0.22857142857142856,0.057721856972370436,0.22857142857142856,loco,"('ETTm1', 48)"
router_time_robust_scale_ratio,-0.01268337817055775,0.11428571428571428,0.05950915596736244,0.14285714285714285,loco,"('ETTm1', 48)"
router_multivar_target_channel_dominance,-0.013581472554571594,0.17142857142857143,0.06043472218964049,0.14285714285714285,loco,"('ETTm1', 48)"
router_freq_harmonic_energy_ratio,-0.02739138255002943,0.0,0.07721772502163475,0.2,loco,"('ETTm1', 48)"
router_time_iqr_mad_ratio,-0.028034121717749674,0.11428571428571428,0.07731729042931976,0.14285714285714285,loco,"('ETTm1', 48)"
input_cv,-0.028783810272609296,0.14285714285714285,0.07573724826887406,0.11428571428571428,loco,"('ETTm1', 48)"
router_timefreq_burstiness_index,-0.029840349808888673,0.14285714285714285,0.07912085792357021,0.11428571428571428,loco,"('ETTm1', 48)"
router_freq_dominant_period_to_horizon_ratio,-0.04149539600087352,0.14285714285714285,0.09357967339829372,0.17142857142857143,loco,"('ETTm1', 48)"
router_timefreq_rolling_spectral_entropy_std,-0.042466434809486565,0.22857142857142856,0.09213795986292461,0.2,loco,"('ETTm1', 48)"
router_multivar_cross_channel_mean_abs_corr,-0.052212993425018124,0.05714285714285714,0.10363029617771831,0.14285714285714285,loco,"('ETTm1', 48)"
router_time_outlier_mass_z3,-0.07379311042204358,0.0,0.12472117042832223,0.14285714285714285,loco,"('ETTm1', 48)"
router_multivar_target_channel_dominance,-0.007079426674609884,0.3142857142857143,0.05560119366722786,0.2571428571428571,loco,"('ETTm1', 96)"
input_volatility_ratio_late_early,-0.007135297009383097,0.2571428571428571,0.05584769167078326,0.2,loco,"('ETTm1', 96)"
router_time_late_early_level_shift,-0.00863619759376732,0.22857142857142856,0.05738107113478699,0.11428571428571428,loco,"('ETTm1', 96)"
input_cv,-0.010382696980035747,0.17142857142857143,0.05652177530734774,0.11428571428571428,loco,"('ETTm1', 96)"
router_multivar_channel_heterogeneity_cv,-0.011210897566560601,0.22857142857142856,0.05988971092125473,0.11428571428571428,loco,"('ETTm1', 96)"
router_time_near_zero_fraction,-0.012006893323975984,0.22857142857142856,0.06071999405205941,0.17142857142857143,loco,"('ETTm1', 96)"
router_timefreq_burstiness_index,-0.027454390927928268,0.2857142857142857,0.0785752428841719,0.17142857142857143,loco,"('ETTm1', 96)"
router_time_iqr_mad_ratio,-0.028034121717749674,0.11428571428571428,0.07921220454980747,0.11428571428571428,loco,"('ETTm1', 96)"
router_time_robust_scale_ratio,-0.03812817733353696,0.11428571428571428,0.08779205311547136,0.08571428571428572,loco,"('ETTm1', 96)"
router_freq_dominant_period_to_horizon_ratio,-0.03926404802115709,0.17142857142857143,0.09312538162745633,0.17142857142857143,loco,"('ETTm1', 96)"
router_timefreq_rolling_spectral_entropy_std,-0.041522811697664176,0.2571428571428571,0.09306929239092206,0.2,loco,"('ETTm1', 96)"
router_freq_harmonic_energy_ratio,-0.04883983125944387,0.11428571428571428,0.10140602062183186,0.17142857142857143,loco,"('ETTm1', 96)"
router_multivar_cross_channel_mean_abs_corr,-0.04919827431366084,0.08571428571428572,0.10239263327524006,0.17142857142857143,loco,"('ETTm1', 96)"
router_freq_seasonal_peak_strength,-0.0492705793223214,0.2,0.10181003088275993,0.11428571428571428,loco,"('ETTm1', 96)"
router_time_outlier_mass_z3,-0.06128113330498197,0.02857142857142857,0.11401726342550522,0.14285714285714285,loco,"('ETTm1', 96)"
router_multivar_channel_heterogeneity_cv,-0.003712177791480189,0.2857142857142857,0.0520395850654928,0.22857142857142856,loco,"('ETTm1', 288)"
router_time_near_zero_fraction,-0.0038622975000832806,0.3142857142857143,0.052194004172633285,0.2571428571428571,loco,"('ETTm1', 288)"
router_time_late_early_level_shift,-0.005241906959432966,0.3142857142857143,0.053792472273863426,0.22857142857142856,loco,"('ETTm1', 288)"
input_volatility_ratio_late_early,-0.007135297009383097,0.2571428571428571,0.05580551515414876,0.22857142857142856,loco,"('ETTm1', 288)"
router_multivar_target_channel_dominance,-0.007419725956571025,0.22857142857142856,0.05599500765987879,0.17142857142857143,loco,"('ETTm1', 288)"
input_cv,-0.024964717250226774,0.17142857142857143,0.07372307175310942,0.11428571428571428,loco,"('ETTm1', 288)"
router_time_iqr_mad_ratio,-0.028034121717749674,0.11428571428571428,0.07917002803317298,0.14285714285714285,loco,"('ETTm1', 288)"
router_timefreq_burstiness_index,-0.029216001277249826,0.14285714285714285,0.0803427156799459,0.11428571428571428,loco,"('ETTm1', 288)"
router_time_robust_scale_ratio,-0.04123196705064932,0.11428571428571428,0.09085184097719205,0.08571428571428572,loco,"('ETTm1', 288)"
router_timefreq_rolling_spectral_entropy_std,-0.04172062079937232,0.2571428571428571,0.09322158847316792,0.2,loco,"('ETTm1', 288)"
router_freq_dominant_period_to_horizon_ratio,-0.042949116971303054,0.14285714285714285,0.09688613197257649,0.14285714285714285,loco,"('ETTm1', 288)"
router_freq_harmonic_energy_ratio,-0.04883983125944387,0.11428571428571428,0.10136384410519737,0.2,loco,"('ETTm1', 288)"
router_freq_seasonal_peak_strength,-0.0492705793223214,0.2,0.10176785436612541,0.14285714285714285,loco,"('ETTm1', 288)"
router_multivar_cross_channel_mean_abs_corr,-0.05835621189152791,0.05714285714285714,0.11102706671021226,0.17142857142857143,loco,"('ETTm1', 288)"
router_time_outlier_mass_z3,-0.06128113330498197,0.02857142857142857,0.11397508690887072,0.17142857142857143,loco,"('ETTm1', 288)"
router_time_late_early_level_shift,-0.005241906959432966,0.3142857142857143,0.05121166674362164,0.22857142857142856,loco,"('ETTm1', 672)"
input_volatility_ratio_late_early,-0.007135297009383097,0.2571428571428571,0.05322470962390698,0.22857142857142856,loco,"('ETTm1', 672)"
router_multivar_target_channel_dominance,-0.008529773513436638,0.2857142857142857,0.0544301535388394,0.22857142857142856,loco,"('ETTm1', 672)"
router_multivar_channel_heterogeneity_cv,-0.01077321537598281,0.22857142857142856,0.056786443449964606,0.17142857142857143,loco,"('ETTm1', 672)"
router_time_near_zero_fraction,-0.010903924543981248,0.2571428571428571,0.056945050048403854,0.2,loco,"('ETTm1', 672)"
input_cv,-0.01541684334063941,0.05714285714285714,0.05899088671877484,0.2,loco,"('ETTm1', 672)"
router_freq_dominant_period_to_horizon_ratio,-0.021655792913741694,0.14285714285714285,0.06831898244023081,0.14285714285714285,loco,"('ETTm1', 672)"
router_time_iqr_mad_ratio,-0.028034121717749674,0.11428571428571428,0.0765892225029312,0.14285714285714285,loco,"('ETTm1', 672)"
router_timefreq_burstiness_index,-0.029216001277249826,0.14285714285714285,0.07776191014970411,0.11428571428571428,loco,"('ETTm1', 672)"
router_time_robust_scale_ratio,-0.040888065602367844,0.11428571428571428,0.08778386880440618,0.08571428571428572,loco,"('ETTm1', 672)"
router_timefreq_rolling_spectral_entropy_std,-0.04172062079937232,0.2571428571428571,0.09064078294292612,0.2,loco,"('ETTm1', 672)"
router_freq_harmonic_energy_ratio,-0.04883983125944387,0.11428571428571428,0.0987830385749556,0.2,loco,"('ETTm1', 672)"
router_freq_seasonal_peak_strength,-0.0492705793223214,0.2,0.09918704883588364,0.14285714285714285,loco,"('ETTm1', 672)"
router_multivar_cross_channel_mean_abs_corr,-0.05835621189152791,0.05714285714285714,0.10844626117997046,0.17142857142857143,loco,"('ETTm1', 672)"
router_time_outlier_mass_z3,-0.06128113330498197,0.02857142857142857,0.11139428137862895,0.17142857142857143,loco,"('ETTm1', 672)"
router_multivar_target_channel_dominance,-0.008529773513436638,0.2857142857142857,0.05345610145708497,0.22857142857142856,loco,"('ETTm2', 24)"
router_time_near_zero_fraction,-0.010654071575237973,0.2571428571428571,0.05569842329890229,0.2,loco,"('ETTm2', 24)"
router_multivar_channel_heterogeneity_cv,-0.012227535009394578,0.2,0.05731529606710062,0.14285714285714285,loco,"('ETTm2', 24)"
router_time_robust_scale_ratio,-0.01268337817055775,0.11428571428571428,0.05780703595921944,0.14285714285714285,loco,"('ETTm2', 24)"
input_cv,-0.02577853821964058,0.17142857142857143,0.07094972463529962,0.11428571428571428,loco,"('ETTm2', 24)"
router_timefreq_burstiness_index,-0.027969836392468226,0.2571428571428571,0.07317238159994563,0.2,loco,"('ETTm2', 24)"
router_time_iqr_mad_ratio,-0.03120557966414707,0.11428571428571428,0.07707264401279276,0.11428571428571428,loco,"('ETTm2', 24)"
router_freq_dominant_period_to_horizon_ratio,-0.04527166184912196,0.05714285714285714,0.09416687951130782,0.08571428571428572,loco,"('ETTm2', 24)"
router_timefreq_rolling_spectral_entropy_std,-0.04831400941529425,0.2571428571428571,0.09447535141827378,0.14285714285714285,loco,"('ETTm2', 24)"
router_time_late_early_level_shift,-0.052543919918471654,0.3142857142857143,0.0975396276209059,0.2,loco,"('ETTm2', 24)"
router_freq_harmonic_energy_ratio,-0.05386629786507973,0.2,0.10060630487299728,0.22857142857142856,loco,"('ETTm2', 24)"
router_freq_seasonal_peak_strength,-0.05429704592795725,0.2857142857142857,0.10101031513392532,0.17142857142857143,loco,"('ETTm2', 24)"
router_time_outlier_mass_z3,-0.058319293643443196,0.14285714285714285,0.10499395204654444,0.22857142857142856,loco,"('ETTm2', 24)"
router_multivar_cross_channel_mean_abs_corr,-0.06494960050744984,0.05714285714285714,0.11228082965531813,0.11428571428571428,loco,"('ETTm2', 24)"
input_volatility_ratio_late_early,-0.08876084463231641,0.2571428571428571,0.1383744999105833,0.22857142857142856,loco,"('ETTm2', 24)"
router_freq_seasonal_peak_strength,-0.0011864359193952524,0.11428571428571428,0.048136428191189184,0.22857142857142856,loco,"('ETTm2', 48)"
router_multivar_target_channel_dominance,-0.008529773513436638,0.2857142857142857,0.055478595374262314,0.22857142857142856,loco,"('ETTm2', 48)"
router_time_late_early_level_shift,-0.008762921105781038,0.22857142857142856,0.05588591637587228,0.11428571428571428,loco,"('ETTm2', 48)"
router_time_near_zero_fraction,-0.010654071575237973,0.2571428571428571,0.05772091721607964,0.2,loco,"('ETTm2', 48)"
router_multivar_channel_heterogeneity_cv,-0.012227535009394578,0.2,0.05933778998427796,0.14285714285714285,loco,"('ETTm2', 48)"
router_time_robust_scale_ratio,-0.01268337817055775,0.11428571428571428,0.05982952987639678,0.14285714285714285,loco,"('ETTm2', 48)"
input_cv,-0.02577853821964058,0.17142857142857143,0.07297221855247697,0.11428571428571428,loco,"('ETTm2', 48)"
router_time_iqr_mad_ratio,-0.02658040074732014,0.11428571428571428,0.07618394336792457,0.17142857142857143,loco,"('ETTm2', 48)"
input_volatility_ratio_late_early,-0.026654480448441625,0.2571428571428571,0.07624972581315381,0.22857142857142856,loco,"('ETTm2', 48)"
router_freq_harmonic_energy_ratio,-0.027403573333787092,0.0,0.07758445177199139,0.22857142857142856,loco,"('ETTm2', 48)"
router_timefreq_burstiness_index,-0.028573311225470188,0.14285714285714285,0.07816766193334738,0.14285714285714285,loco,"('ETTm2', 48)"
router_freq_dominant_period_to_horizon_ratio,-0.039719939906597855,0.17142857142857143,0.09196365075485713,0.17142857142857143,loco,"('ETTm2', 48)"
router_timefreq_rolling_spectral_entropy_std,-0.04365780287628395,0.22857142857142856,0.0937119824427017,0.17142857142857143,loco,"('ETTm2', 48)"
router_multivar_cross_channel_mean_abs_corr,-0.0496541661991016,0.08571428571428572,0.10123090240264085,0.17142857142857143,loco,"('ETTm2', 48)"
router_time_outlier_mass_z3,-0.06692154754804527,0.02857142857142857,0.11778400281515178,0.14285714285714285,loco,"('ETTm2', 48)"
router_time_late_early_level_shift,-0.005241906959432966,0.3142857142857143,0.053834648790497916,0.2,loco,"('ETTm2', 96)"
input_volatility_ratio_late_early,-0.007135297009383097,0.2571428571428571,0.05584769167078326,0.2,loco,"('ETTm2', 96)"
router_multivar_target_channel_dominance,-0.008529773513436638,0.2857142857142857,0.05705313558571568,0.2,loco,"('ETTm2', 96)"
router_time_near_zero_fraction,-0.010654071575237973,0.2571428571428571,0.059295457427533005,0.17142857142857143,loco,"('ETTm2', 96)"
router_multivar_channel_heterogeneity_cv,-0.012227535009394578,0.2,0.06091233019573134,0.11428571428571428,loco,"('ETTm2', 96)"
router_timefreq_burstiness_index,-0.02426053525033005,0.34285714285714286,0.07527049904632215,0.22857142857142856,loco,"('ETTm2', 96)"
router_freq_seasonal_peak_strength,-0.025773206129625078,0.22857142857142856,0.07545305126866443,0.17142857142857143,loco,"('ETTm2', 96)"
input_cv,-0.02577853821964058,0.17142857142857143,0.07454675876393035,0.08571428571428572,loco,"('ETTm2', 96)"
router_time_iqr_mad_ratio,-0.030190115982596914,0.17142857142857143,0.08138164361059144,0.08571428571428572,loco,"('ETTm2', 96)"
router_time_robust_scale_ratio,-0.030505260644323216,0.2,0.07962963025366886,0.17142857142857143,loco,"('ETTm2', 96)"
router_freq_harmonic_energy_ratio,-0.030968637449687954,0.0,0.08335521444150087,0.17142857142857143,loco,"('ETTm2', 96)"
router_timefreq_rolling_spectral_entropy_std,-0.041720620799372325,0.2571428571428571,0.09326376498980242,0.17142857142857143,loco,"('ETTm2', 96)"
router_freq_dominant_period_to_horizon_ratio,-0.04776906573437045,0.14285714285714285,0.10179224723553543,0.08571428571428572,loco,"('ETTm2', 96)"
router_multivar_cross_channel_mean_abs_corr,-0.05835621189152791,0.05714285714285714,0.11106924322684675,0.14285714285714285,loco,"('ETTm2', 96)"
router_time_outlier_mass_z3,-0.06538105287597484,0.02857142857142857,0.11816088328502149,0.14285714285714285,loco,"('ETTm2', 96)"
router_time_late_early_level_shift,-0.005241906959432966,0.3142857142857143,0.05176217384486826,0.22857142857142856,loco,"('ETTm2', 288)"
input_volatility_ratio_late_early,-0.007135297009383097,0.2571428571428571,0.05377521672515361,0.22857142857142856,loco,"('ETTm2', 288)"
router_time_iqr_mad_ratio,-0.008514938278691146,0.11428571428571428,0.055163155250353896,0.14285714285714285,loco,"('ETTm2', 288)"
router_multivar_target_channel_dominance,-0.008529773513436638,0.2857142857142857,0.05498066064008603,0.22857142857142856,loco,"('ETTm2', 288)"
router_time_near_zero_fraction,-0.010654071575237973,0.2571428571428571,0.05722298248190336,0.2,loco,"('ETTm2', 288)"
router_multivar_channel_heterogeneity_cv,-0.012227535009394578,0.2,0.05883985525010168,0.14285714285714285,loco,"('ETTm2', 288)"
router_time_robust_scale_ratio,-0.01562809857976269,0.11428571428571428,0.06250196911656132,0.14285714285714285,loco,"('ETTm2', 288)"
router_freq_dominant_period_to_horizon_ratio,-0.018692331163640292,0.2571428571428571,0.06544124516473838,0.17142857142857143,loco,"('ETTm2', 288)"
router_timefreq_rolling_spectral_entropy_std,-0.0222014373603138,0.2571428571428571,0.06921471569034883,0.2,loco,"('ETTm2', 288)"
input_cv,-0.02577853821964058,0.17142857142857143,0.07247428381830069,0.11428571428571428,loco,"('ETTm2', 288)"
router_timefreq_burstiness_index,-0.029216001277249826,0.14285714285714285,0.07831241725095074,0.11428571428571428,loco,"('ETTm2', 288)"
router_multivar_cross_channel_mean_abs_corr,-0.03883702845246939,0.05714285714285714,0.0870201939273932,0.17142857142857143,loco,"('ETTm2', 288)"
router_freq_seasonal_peak_strength,-0.044799313405608415,0.2,0.0949139482801955,0.14285714285714285,loco,"('ETTm2', 288)"
router_freq_harmonic_energy_ratio,-0.04895610665643491,0.11428571428571428,0.10061896583270917,0.2,loco,"('ETTm2', 288)"
router_time_outlier_mass_z3,-0.061281133304981986,0.02857142857142857,0.11194478847987556,0.17142857142857143,loco,"('ETTm2', 288)"
router_time_late_early_level_shift,-0.005241906959432966,0.3142857142857143,0.051645223710271394,0.22857142857142856,loco,"('ETTm2', 672)"
input_volatility_ratio_late_early,-0.007135297009383097,0.2571428571428571,0.05365826659055674,0.22857142857142856,loco,"('ETTm2', 672)"
router_time_iqr_mad_ratio,-0.008514938278691146,0.11428571428571428,0.05504620511575702,0.14285714285714285,loco,"('ETTm2', 672)"
router_multivar_target_channel_dominance,-0.008529773513436638,0.2857142857142857,0.05486371050548917,0.22857142857142856,loco,"('ETTm2', 672)"
router_time_near_zero_fraction,-0.010654071575237973,0.2571428571428571,0.05710603234730648,0.2,loco,"('ETTm2', 672)"
router_multivar_channel_heterogeneity_cv,-0.012227535009394578,0.2,0.05872290511550481,0.14285714285714285,loco,"('ETTm2', 672)"
router_time_robust_scale_ratio,-0.015437535948081034,0.11428571428571428,0.062168580089804894,0.14285714285714285,loco,"('ETTm2', 672)"
router_freq_dominant_period_to_horizon_ratio,-0.021655792913741694,0.14285714285714285,0.06875253940688057,0.14285714285714285,loco,"('ETTm2', 672)"
router_timefreq_rolling_spectral_entropy_std,-0.0222014373603138,0.2571428571428571,0.06909776555575196,0.2,loco,"('ETTm2', 672)"
input_cv,-0.02577853821964058,0.17142857142857143,0.07235733368370381,0.11428571428571428,loco,"('ETTm2', 672)"
router_timefreq_burstiness_index,-0.029216001277249826,0.14285714285714285,0.07819546711635386,0.11428571428571428,loco,"('ETTm2', 672)"
router_multivar_cross_channel_mean_abs_corr,-0.03883702845246939,0.05714285714285714,0.08690324379279632,0.17142857142857143,loco,"('ETTm2', 672)"
router_freq_harmonic_energy_ratio,-0.04883983125944387,0.11428571428571428,0.09921659554160533,0.2,loco,"('ETTm2', 672)"
router_freq_seasonal_peak_strength,-0.049270579322321394,0.2,0.09962060580253337,0.14285714285714285,loco,"('ETTm2', 672)"
router_time_outlier_mass_z3,-0.061281133304981986,0.02857142857142857,0.11182783834527868,0.17142857142857143,loco,"('ETTm2', 672)"
router_freq_seasonal_peak_strength,-0.0027487295619638,0.22857142857142856,0.05053302922120926,0.17142857142857143,loco,"('Solar1', 24)"
input_volatility_ratio_late_early,-0.004333349103639469,0.3142857142857143,0.0521653733901189,0.2857142857142857,loco,"('Solar1', 24)"
router_time_late_early_level_shift,-0.008615036838991395,0.22857142857142856,0.056604961716318895,0.14285714285714285,loco,"('Solar1', 24)"
router_multivar_target_channel_dominance,-0.011097924962022814,0.2571428571428571,0.05904682107753495,0.2,loco,"('Solar1', 24)"
router_time_near_zero_fraction,-0.01213604131650187,0.22857142857142856,0.06009095687179841,0.17142857142857143,loco,"('Solar1', 24)"
router_multivar_channel_heterogeneity_cv,-0.013112574691271856,0.22857142857142856,0.06110619725484026,0.14285714285714285,loco,"('Solar1', 24)"
input_cv,-0.01579896637768498,0.17142857142857143,0.06123881293366888,0.14285714285714285,loco,"('Solar1', 24)"
router_time_robust_scale_ratio,-0.01928904155095545,0.11428571428571428,0.06725568409042124,0.11428571428571428,loco,"('Solar1', 24)"
router_timefreq_rolling_spectral_entropy_std,-0.026122964339862116,0.2571428571428571,0.07643081675388452,0.2,loco,"('Solar1', 24)"
router_freq_harmonic_energy_ratio,-0.028453270897382442,0.0,0.07947300337791342,0.2,loco,"('Solar1', 24)"
router_timefreq_burstiness_index,-0.0291448767073767,0.14285714285714285,0.07956624956471932,0.08571428571428572,loco,"('Solar1', 24)"
router_time_iqr_mad_ratio,-0.03463978509814737,0.11428571428571428,0.08506381855237855,0.11428571428571428,loco,"('Solar1', 24)"
router_freq_dominant_period_to_horizon_ratio,-0.04004443129755537,0.17142857142857143,0.09315830423435636,0.17142857142857143,loco,"('Solar1', 24)"
router_multivar_cross_channel_mean_abs_corr,-0.06077378819261541,0.14285714285714285,0.11275858728518717,0.08571428571428572,loco,"('Solar1', 24)"
router_time_outlier_mass_z3,-0.08412253922796996,0.02857142857142857,0.13569742546905095,0.02857142857142857,loco,"('Solar1', 24)"
router_freq_seasonal_peak_strength,-0.004009271545238025,0.17142857142857143,0.05187737133499092,0.11428571428571428,loco,"('Solar1', 96)"
input_volatility_ratio_late_early,-0.005682666798672018,0.2857142857142857,0.053605413217170064,0.2857142857142857,loco,"('Solar1', 96)"
router_time_late_early_level_shift,-0.009964354534023943,0.2,0.058045001543370056,0.14285714285714285,loco,"('Solar1', 96)"
router_multivar_target_channel_dominance,-0.01244724265705536,0.22857142857142856,0.06048686090458611,0.2,loco,"('Solar1', 96)"
router_time_near_zero_fraction,-0.013485359011534416,0.2,0.06153099669884957,0.17142857142857143,loco,"('Solar1', 96)"
router_multivar_channel_heterogeneity_cv,-0.014461892386304404,0.2,0.06254623708189143,0.14285714285714285,loco,"('Solar1', 96)"
input_cv,-0.016749201468563485,0.14285714285714285,0.0622694409878319,0.11428571428571428,loco,"('Solar1', 96)"
router_time_robust_scale_ratio,-0.020638359245988,0.08571428571428572,0.06869572391747239,0.11428571428571428,loco,"('Solar1', 96)"
router_timefreq_rolling_spectral_entropy_std,-0.02747228203489466,0.22857142857142856,0.07787085658093568,0.2,loco,"('Solar1', 96)"
router_freq_harmonic_energy_ratio,-0.028453270897382442,0.0,0.07953025667843926,0.2,loco,"('Solar1', 96)"
router_timefreq_burstiness_index,-0.030494194402409247,0.11428571428571428,0.08100628939177049,0.08571428571428572,loco,"('Solar1', 96)"
router_time_iqr_mad_ratio,-0.03598910279317991,0.08571428571428572,0.0865038583794297,0.11428571428571428,loco,"('Solar1', 96)"
router_freq_dominant_period_to_horizon_ratio,-0.04149539600087352,0.14285714285714285,0.0947961546501806,0.17142857142857143,loco,"('Solar1', 96)"
router_multivar_cross_channel_mean_abs_corr,-0.06035181645217617,0.14285714285714285,0.11238481782043326,0.08571428571428572,loco,"('Solar1', 96)"
router_time_outlier_mass_z3,-0.0837005674875307,0.02857142857142857,0.135323656004297,0.02857142857142857,loco,"('Solar1', 96)"
router_freq_seasonal_peak_strength,-0.002655925120037569,0.22857142857142856,0.05113827197037557,0.17142857142857143,loco,"('Solar2', 24)"
input_volatility_ratio_late_early,-0.004769385008387218,0.3142857142857143,0.05331057645595259,0.2857142857142857,loco,"('Solar2', 24)"
router_time_late_early_level_shift,-0.009051072743739143,0.22857142857142856,0.05775016478215258,0.14285714285714285,loco,"('Solar2', 24)"
router_time_near_zero_fraction,-0.010654071575237975,0.2571428571428571,0.059251006359411065,0.2,loco,"('Solar2', 24)"
router_multivar_target_channel_dominance,-0.012078025275392923,0.22857142857142856,0.060740121737328436,0.14285714285714285,loco,"('Solar2', 24)"
router_multivar_channel_heterogeneity_cv,-0.012227535009394577,0.2,0.06086787912760938,0.14285714285714285,loco,"('Solar2', 24)"
router_time_robust_scale_ratio,-0.01268337817055775,0.11428571428571428,0.0613596190197282,0.14285714285714285,loco,"('Solar2', 24)"
input_cv,-0.01570616193575875,0.17142857142857143,0.0618440556828352,0.14285714285714285,loco,"('Solar2', 24)"
router_time_iqr_mad_ratio,-0.028034121717749678,0.11428571428571428,0.07916775348168553,0.14285714285714285,loco,"('Solar2', 24)"
router_freq_harmonic_energy_ratio,-0.028453270897382442,0.0,0.08016423847891815,0.2,loco,"('Solar2', 24)"
router_timefreq_burstiness_index,-0.029580912612124446,0.14285714285714285,0.08071145263055302,0.08571428571428572,loco,"('Solar2', 24)"
router_freq_dominant_period_to_horizon_ratio,-0.040546092942771825,0.14285714285714285,0.09436304452993459,0.14285714285714285,loco,"('Solar2', 24)"
router_timefreq_rolling_spectral_entropy_std,-0.04178515924463975,0.2571428571428571,0.093286597137705,0.2,loco,"('Solar2', 24)"
router_multivar_cross_channel_mean_abs_corr,-0.05959532116295152,0.14285714285714285,0.11228121799370228,0.08571428571428572,loco,"('Solar2', 24)"
router_time_outlier_mass_z3,-0.08294407219830607,0.02857142857142857,0.13522005617756602,0.02857142857142857,loco,"('Solar2', 24)"
router_freq_seasonal_peak_strength,-0.002437512495857975,0.22857142857142856,0.05043400202695267,0.17142857142857143,loco,"('Solar2', 96)"
input_volatility_ratio_late_early,-0.005208429218879165,0.2857142857142857,0.05327744709695532,0.2857142857142857,loco,"('Solar2', 96)"
router_time_late_early_level_shift,-0.009490116954231092,0.2,0.057717035423155316,0.14285714285714285,loco,"('Solar2', 96)"
router_time_near_zero_fraction,-0.010654071575237975,0.2571428571428571,0.058775454708427335,0.2,loco,"('Solar2', 96)"
router_multivar_channel_heterogeneity_cv,-0.012227535009394577,0.2,0.06039232747662566,0.14285714285714285,loco,"('Solar2', 96)"
router_multivar_target_channel_dominance,-0.012544351045003517,0.22857142857142856,0.060740121737328436,0.14285714285714285,loco,"('Solar2', 96)"
router_time_robust_scale_ratio,-0.01268337817055775,0.11428571428571428,0.060884067368744486,0.14285714285714285,loco,"('Solar2', 96)"
input_cv,-0.015487749311579159,0.17142857142857143,0.0611397857394123,0.14285714285714285,loco,"('Solar2', 96)"
router_time_iqr_mad_ratio,-0.028034121717749678,0.11428571428571428,0.0786922018307018,0.14285714285714285,loco,"('Solar2', 96)"
router_freq_harmonic_energy_ratio,-0.028453270897382442,0.0,0.07968868682793444,0.2,loco,"('Solar2', 96)"
router_timefreq_burstiness_index,-0.030019956822616396,0.11428571428571428,0.08067832327155575,0.08571428571428572,loco,"('Solar2', 96)"
router_freq_dominant_period_to_horizon_ratio,-0.04149539600087352,0.14285714285714285,0.09495458479967576,0.17142857142857143,loco,"('Solar2', 96)"
router_timefreq_rolling_spectral_entropy_std,-0.04156674662046015,0.2571428571428571,0.09258232719428211,0.2,loco,"('Solar2', 96)"
router_multivar_cross_channel_mean_abs_corr,-0.05783396510139982,0.14285714285714285,0.1099845920675594,0.08571428571428572,loco,"('Solar2', 96)"
router_time_outlier_mass_z3,-0.08118271613675437,0.02857142857142857,0.13292343025142314,0.02857142857142857,loco,"('Solar2', 96)"
router_freq_seasonal_peak_strength,-0.002411919093202798,0.22857142857142856,0.050633891445937225,0.17142857142857143,loco,"('Solar3', 24)"
input_volatility_ratio_late_early,-0.004817515481952991,0.3142857142857143,0.053102307643423115,0.2857142857142857,loco,"('Solar3', 24)"
router_time_late_early_level_shift,-0.009099203217304917,0.22857142857142856,0.05754189596962311,0.14285714285714285,loco,"('Solar3', 24)"
router_time_near_zero_fraction,-0.01064206587740951,0.2857142857142857,0.05901758192867217,0.2,loco,"('Solar3', 24)"
router_multivar_target_channel_dominance,-0.011582091340336335,0.2571428571428571,0.059983755330839154,0.2,loco,"('Solar3', 24)"
router_time_robust_scale_ratio,-0.01268337817055775,0.11428571428571428,0.061105184105892656,0.14285714285714285,loco,"('Solar3', 24)"
router_multivar_channel_heterogeneity_cv,-0.013596741069585376,0.22857142857142856,0.06204313150814447,0.14285714285714285,loco,"('Solar3', 24)"
input_cv,-0.016188272619866263,0.17142857142857143,0.062026069444342316,0.11428571428571428,loco,"('Solar3', 24)"
router_time_iqr_mad_ratio,-0.028034121717749678,0.11428571428571428,0.07891331856784997,0.14285714285714285,loco,"('Solar3', 24)"
router_freq_harmonic_energy_ratio,-0.028453270897382442,0.0,0.0799098035650826,0.2,loco,"('Solar3', 24)"
router_timefreq_burstiness_index,-0.02870730088067158,0.22857142857142856,0.07955229764585818,0.11428571428571428,loco,"('Solar3', 24)"
router_freq_dominant_period_to_horizon_ratio,-0.040574162151681366,0.14285714285714285,0.09413736768899844,0.17142857142857143,loco,"('Solar3', 24)"
router_timefreq_rolling_spectral_entropy_std,-0.04154115321780497,0.2571428571428571,0.09278221661326666,0.2,loco,"('Solar3', 24)"
router_multivar_cross_channel_mean_abs_corr,-0.06128483014857048,0.11428571428571428,0.11371916634444433,0.08571428571428572,loco,"('Solar3', 24)"
router_time_outlier_mass_z3,-0.07291359622173256,0.02857142857142857,0.12539214512794328,0.14285714285714285,loco,"('Solar3', 24)"
router_freq_seasonal_peak_strength,-0.003098101233734958,0.2,0.05086817292687689,0.17142857142857143,loco,"('Solar3', 96)"
input_volatility_ratio_late_early,-0.0047852657858447455,0.3142857142857143,0.052605439359277285,0.2857142857142857,loco,"('Solar3', 96)"
router_time_late_early_level_shift,-0.00906695352119667,0.22857142857142856,0.05704502768547726,0.14285714285714285,loco,"('Solar3', 96)"
router_multivar_target_channel_dominance,-0.01154984164422809,0.2571428571428571,0.05948688704669332,0.2,loco,"('Solar3', 96)"
router_time_near_zero_fraction,-0.012168651750696906,0.22857142857142856,0.06009421208282514,0.17142857142857143,loco,"('Solar3', 96)"
router_time_robust_scale_ratio,-0.01268337817055775,0.11428571428571428,0.060645109606165815,0.14285714285714285,loco,"('Solar3', 96)"
router_multivar_channel_heterogeneity_cv,-0.01356449137347713,0.22857142857142856,0.06154626322399864,0.14285714285714285,loco,"('Solar3', 96)"
input_cv,-0.016156022923758014,0.17142857142857143,0.06152920116019649,0.11428571428571428,loco,"('Solar3', 96)"
router_time_iqr_mad_ratio,-0.028034121717749678,0.11428571428571428,0.07845324406812314,0.14285714285714285,loco,"('Solar3', 96)"
router_freq_harmonic_energy_ratio,-0.029236642029023294,0.0,0.08023310019699663,0.17142857142857143,loco,"('Solar3', 96)"
router_timefreq_burstiness_index,-0.03000472297364222,0.14285714285714285,0.08042118472712714,0.08571428571428572,loco,"('Solar3', 96)"
router_timefreq_rolling_spectral_entropy_std,-0.042227335358337136,0.22857142857142856,0.09301649809420633,0.2,loco,"('Solar3', 96)"
router_freq_dominant_period_to_horizon_ratio,-0.042278767132514376,0.14285714285714285,0.09549899816873796,0.14285714285714285,loco,"('Solar3', 96)"
router_multivar_cross_channel_mean_abs_corr,-0.061302098548452,0.11428571428571428,0.11327726334806326,0.08571428571428572,loco,"('Solar3', 96)"
router_time_outlier_mass_z3,-0.07288134652562432,0.02857142857142857,0.12489527684379742,0.14285714285714285,loco,"('Solar3', 96)"
router_freq_seasonal_peak_strength,-0.0030001862048298178,0.22857142857142856,0.051527575855360434,0.17142857142857143,loco,"('Solar4', 24)"
input_volatility_ratio_late_early,-0.005344672165451013,0.3142857142857143,0.05393605178542762,0.2571428571428571,loco,"('Solar4', 24)"
router_time_late_early_level_shift,-0.00943880168524509,0.22857142857142856,0.058182775940399216,0.14285714285714285,loco,"('Solar4', 24)"
router_multivar_target_channel_dominance,-0.011630097615523879,0.2571428571428571,0.06033657609659589,0.17142857142857143,loco,"('Solar4', 24)"
router_time_near_zero_fraction,-0.012502418764263864,0.22857142857142856,0.061211383697387045,0.17142857142857143,loco,"('Solar4', 24)"
router_multivar_channel_heterogeneity_cv,-0.013478952139033851,0.22857142857142856,0.062226624080428894,0.14285714285714285,loco,"('Solar4', 24)"
input_cv,-0.016050423020551,0.17142857142857143,0.06223335956782006,0.14285714285714285,loco,"('Solar4', 24)"
router_time_robust_scale_ratio,-0.019655418998717446,0.11428571428571428,0.06837611091600986,0.11428571428571428,loco,"('Solar4', 24)"
router_timefreq_rolling_spectral_entropy_std,-0.02648934178762411,0.2571428571428571,0.07755124357947313,0.2,loco,"('Solar4', 24)"
router_freq_harmonic_energy_ratio,-0.028453270897382442,0.0,0.0802086895470401,0.17142857142857143,loco,"('Solar4', 24)"
router_timefreq_burstiness_index,-0.029511254155138694,0.14285714285714285,0.08068667639030795,0.08571428571428572,loco,"('Solar4', 24)"
router_time_iqr_mad_ratio,-0.03500616254590937,0.11428571428571428,0.08618424537796716,0.11428571428571428,loco,"('Solar4', 24)"
router_freq_dominant_period_to_horizon_ratio,-0.04009816528290278,0.17142857142857143,0.09395949888920202,0.17142857142857143,loco,"('Solar4', 24)"
router_multivar_cross_channel_mean_abs_corr,-0.050032391575406523,0.08571428571428572,0.10322675053698575,0.17142857142857143,loco,"('Solar4', 24)"
router_time_outlier_mass_z3,-0.08404637763280737,0.02857142857142857,0.13636939826105482,0.02857142857142857,loco,"('Solar4', 24)"
router_freq_seasonal_peak_strength,-0.003148495752760972,0.2,0.05122410841101998,0.17142857142857143,loco,"('Solar4', 96)"
input_volatility_ratio_late_early,-0.005492981713382168,0.2857142857142857,0.05363258434108716,0.2571428571428571,loco,"('Solar4', 96)"
router_time_late_early_level_shift,-0.008746707500421008,0.22857142857142856,0.05703695982284546,0.17142857142857143,loco,"('Solar4', 96)"
router_multivar_target_channel_dominance,-0.012257557571765509,0.22857142857142856,0.06051403202850321,0.17142857142857143,loco,"('Solar4', 96)"
router_time_near_zero_fraction,-0.013295673926244565,0.2,0.06155816782276668,0.14285714285714285,loco,"('Solar4', 96)"
router_multivar_channel_heterogeneity_cv,-0.014272207301014552,0.2,0.06257340820580852,0.11428571428571428,loco,"('Solar4', 96)"
input_cv,-0.016198732568482154,0.14285714285714285,0.06192989212347961,0.14285714285714285,loco,"('Solar4', 96)"
router_time_robust_scale_ratio,-0.02044867416069815,0.08571428571428572,0.06872289504138948,0.08571428571428572,loco,"('Solar4', 96)"
router_timefreq_rolling_spectral_entropy_std,-0.027282596949604814,0.22857142857142856,0.07789802770485278,0.17142857142857143,loco,"('Solar4', 96)"
router_freq_harmonic_energy_ratio,-0.028453270897382442,0.0,0.07975513098377247,0.2,loco,"('Solar4', 96)"
router_timefreq_burstiness_index,-0.030304509317119394,0.11428571428571428,0.08103346051568758,0.05714285714285714,loco,"('Solar4', 96)"
router_time_iqr_mad_ratio,-0.035799417707890066,0.08571428571428572,0.0865310295033468,0.08571428571428572,loco,"('Solar4', 96)"
router_freq_dominant_period_to_horizon_ratio,-0.04149539600087352,0.14285714285714285,0.09502102895551383,0.17142857142857143,loco,"('Solar4', 96)"
router_multivar_cross_channel_mean_abs_corr,-0.050659851531648155,0.05714285714285714,0.10340420646889309,0.17142857142857143,loco,"('Solar4', 96)"
router_time_outlier_mass_z3,-0.08398792958945024,0.02857142857142857,0.13584758032456856,0.02857142857142857,loco,"('Solar4', 96)"
router_freq_seasonal_peak_strength,-0.0033035795366977406,0.2,0.05118211790691973,0.17142857142857143,loco,"('Solar5', 24)"
input_volatility_ratio_late_early,-0.004887233270710746,0.3142857142857143,0.05281387401540272,0.2857142857142857,loco,"('Solar5', 24)"
router_time_late_early_level_shift,-0.008905315948695754,0.22857142857142856,0.05699778440606932,0.17142857142857143,loco,"('Solar5', 24)"
router_multivar_target_channel_dominance,-0.01165180912909409,0.2571428571428571,0.05969532170281875,0.2,loco,"('Solar5', 24)"
router_multivar_channel_heterogeneity_cv,-0.012227535009394578,0.2,0.060256553043051615,0.14285714285714285,loco,"('Solar5', 24)"
router_time_near_zero_fraction,-0.012689925483573145,0.22857142857142856,0.060739457497082226,0.17142857142857143,loco,"('Solar5', 24)"
input_cv,-0.016357341016756902,0.14285714285714285,0.06189071670670347,0.14285714285714285,loco,"('Solar5', 24)"
router_time_robust_scale_ratio,-0.019842925718026726,0.11428571428571428,0.06790418471570504,0.11428571428571428,loco,"('Solar5', 24)"
router_timefreq_rolling_spectral_entropy_std,-0.026676848506933394,0.2571428571428571,0.07707931737916833,0.2,loco,"('Solar5', 24)"
router_freq_harmonic_energy_ratio,-0.028453270897382442,0.0,0.07955291239436035,0.2,loco,"('Solar5', 24)"
router_timefreq_burstiness_index,-0.02969876087444797,0.14285714285714285,0.08021475019000314,0.08571428571428572,loco,"('Solar5', 24)"
router_time_iqr_mad_ratio,-0.03519366926521864,0.11428571428571428,0.08571231917766235,0.11428571428571428,loco,"('Solar5', 24)"
router_freq_dominant_period_to_horizon_ratio,-0.040880709023081184,0.14285714285714285,0.09409496431700909,0.17142857142857143,loco,"('Solar5', 24)"
router_multivar_cross_channel_mean_abs_corr,-0.05997103521664959,0.14285714285714285,0.11201867048341826,0.08571428571428572,loco,"('Solar5', 24)"
router_time_outlier_mass_z3,-0.08331978625200415,0.02857142857142857,0.13495750866728204,0.02857142857142857,loco,"('Solar5', 24)"
router_freq_seasonal_peak_strength,-0.002094863444472084,0.22857142857142856,0.05052647457235079,0.17142857142857143,loco,"('Solar5', 96)"
input_volatility_ratio_late_early,-0.005137572183465884,0.2857142857142857,0.05363258434108716,0.2571428571428571,loco,"('Solar5', 96)"
router_time_late_early_level_shift,-0.009419259918817808,0.2,0.058072172667287154,0.11428571428571428,loco,"('Solar5', 96)"
router_multivar_channel_heterogeneity_cv,-0.01169549082924288,0.22857142857142856,0.06028188188830801,0.14285714285714285,loco,"('Solar5', 96)"
router_multivar_target_channel_dominance,-0.011902148041849227,0.22857142857142856,0.06051403202850321,0.17142857142857143,loco,"('Solar5', 96)"
router_time_near_zero_fraction,-0.012940264396328283,0.2,0.06155816782276668,0.14285714285714285,loco,"('Solar5', 96)"
input_cv,-0.015825296836605204,0.17142857142857143,0.061916045551959877,0.14285714285714285,loco,"('Solar5', 96)"
router_time_robust_scale_ratio,-0.020093264630781864,0.08571428571428572,0.06872289504138948,0.08571428571428572,loco,"('Solar5', 96)"
router_freq_dominant_period_to_horizon_ratio,-0.021655792913741697,0.14285714285714285,0.07085061182553723,0.14285714285714285,loco,"('Solar5', 96)"
router_timefreq_rolling_spectral_entropy_std,-0.02692718741968853,0.22857142857142856,0.07789802770485278,0.17142857142857143,loco,"('Solar5', 96)"
router_freq_harmonic_energy_ratio,-0.028453270897382442,0.0,0.08011733688547025,0.2,loco,"('Solar5', 96)"
router_timefreq_burstiness_index,-0.029949099787203108,0.11428571428571428,0.08103346051568756,0.05714285714285714,loco,"('Solar5', 96)"
router_time_iqr_mad_ratio,-0.03544400817797378,0.08571428571428572,0.08653102950334682,0.08571428571428572,loco,"('Solar5', 96)"
router_multivar_cross_channel_mean_abs_corr,-0.05851976050238184,0.14285714285714285,0.11115258868284006,0.08571428571428572,loco,"('Solar5', 96)"
router_time_outlier_mass_z3,-0.0818685115377364,0.02857142857142857,0.13409142686670383,0.02857142857142857,loco,"('Solar5', 96)"
router_freq_seasonal_peak_strength,-0.002512665651296016,0.22857142857142856,0.05104005530182664,0.17142857142857143,loco,"('Solar6', 24)"
input_volatility_ratio_late_early,-0.004971798984485593,0.3142857142857143,0.05355787264879165,0.2857142857142857,loco,"('Solar6', 24)"
router_time_late_early_level_shift,-0.00925348671983752,0.22857142857142856,0.057997460974991644,0.14285714285714285,loco,"('Solar6', 24)"
router_multivar_target_channel_dominance,-0.011736374842868937,0.2571428571428571,0.0604393203362077,0.2,loco,"('Solar6', 24)"
router_time_near_zero_fraction,-0.012774491197347993,0.22857142857142856,0.06148345613047116,0.17142857142857143,loco,"('Solar6', 24)"
router_multivar_channel_heterogeneity_cv,-0.013751024572117979,0.22857142857142856,0.06249869651351301,0.14285714285714285,loco,"('Solar6', 24)"
input_cv,-0.015562902467017201,0.17142857142857143,0.061745839014286256,0.14285714285714285,loco,"('Solar6', 24)"
router_time_robust_scale_ratio,-0.019927491431801576,0.11428571428571428,0.06864818334909398,0.11428571428571428,loco,"('Solar6', 24)"
router_timefreq_rolling_spectral_entropy_std,-0.026761414220708237,0.2571428571428571,0.07782331601255726,0.2,loco,"('Solar6', 24)"
router_freq_harmonic_energy_ratio,-0.028453270897382442,0.0,0.0802086895470401,0.17142857142857143,loco,"('Solar6', 24)"
router_timefreq_burstiness_index,-0.02978332658822282,0.14285714285714285,0.08095874882339207,0.08571428571428572,loco,"('Solar6', 24)"
router_time_iqr_mad_ratio,-0.035278234978993496,0.11428571428571428,0.0864563178110513,0.11428571428571428,loco,"('Solar6', 24)"
router_freq_dominant_period_to_horizon_ratio,-0.03993395220474776,0.17142857142857143,0.09379528581104699,0.17142857142857143,loco,"('Solar6', 24)"
router_multivar_cross_channel_mean_abs_corr,-0.060906159526381946,0.14285714285714285,0.11363909300612017,0.08571428571428572,loco,"('Solar6', 24)"
router_time_outlier_mass_z3,-0.08425491056173649,0.02857142857142857,0.13657793118998393,0.02857142857142857,loco,"('Solar6', 24)"
router_freq_seasonal_peak_strength,-0.002654411048801673,0.22857142857142856,0.05118180069933229,0.17142857142857143,loco,"('Solar6', 96)"
input_volatility_ratio_late_early,-0.004905844169261842,0.3142857142857143,0.0534919178335679,0.2857142857142857,loco,"('Solar6', 96)"
router_time_late_early_level_shift,-0.009187531904613766,0.22857142857142856,0.057931506159767894,0.14285714285714285,loco,"('Solar6', 96)"
router_multivar_target_channel_dominance,-0.011670420027645186,0.2571428571428571,0.06037336552098395,0.2,loco,"('Solar6', 96)"
router_time_near_zero_fraction,-0.012708536382124241,0.22857142857142856,0.06141750131524741,0.17142857142857143,loco,"('Solar6', 96)"
router_multivar_channel_heterogeneity_cv,-0.013685069756894227,0.22857142857142856,0.06243274169828926,0.14285714285714285,loco,"('Solar6', 96)"
input_cv,-0.015704647864522858,0.17142857142857143,0.06188758441179192,0.14285714285714285,loco,"('Solar6', 96)"
router_time_robust_scale_ratio,-0.019861536616577826,0.11428571428571428,0.06858222853387023,0.11428571428571428,loco,"('Solar6', 96)"
router_freq_dominant_period_to_horizon_ratio,-0.021655792913741697,0.14285714285714285,0.07094196448710709,0.11428571428571428,loco,"('Solar6', 96)"
router_timefreq_rolling_spectral_entropy_std,-0.026695459405484488,0.2571428571428571,0.07775736119733352,0.2,loco,"('Solar6', 96)"
router_freq_harmonic_energy_ratio,-0.028453270897382442,0.0,0.0802086895470401,0.17142857142857143,loco,"('Solar6', 96)"
router_timefreq_burstiness_index,-0.029717371772999063,0.14285714285714285,0.08089279400816832,0.08571428571428572,loco,"('Solar6', 96)"
router_time_iqr_mad_ratio,-0.03521228016376974,0.11428571428571428,0.08639036299582754,0.11428571428571428,loco,"('Solar6', 96)"
router_multivar_cross_channel_mean_abs_corr,-0.060794338004908965,0.14285714285714285,0.1135272714846472,0.08571428571428572,loco,"('Solar6', 96)"
router_time_outlier_mass_z3,-0.0841430890402635,0.02857142857142857,0.13646610966851097,0.02857142857142857,loco,"('Solar6', 96)"
input_volatility_ratio_late_early,0.0011280788100802518,0.2857142857142857,0.03536586467827003,0.2857142857142857,loco,"('Solar7', 24)"
router_time_late_early_level_shift,-0.003153608925271674,0.2,0.03980545300447002,0.14285714285714285,loco,"('Solar7', 24)"
router_multivar_target_channel_dominance,-0.005636497048303093,0.22857142857142856,0.042247312365686074,0.2,loco,"('Solar7', 24)"
router_freq_seasonal_peak_strength,-0.005928195711428322,0.08571428571428572,0.042842875494622866,0.17142857142857143,loco,"('Solar7', 24)"
router_time_near_zero_fraction,-0.006674613402782149,0.2,0.043291448159949536,0.17142857142857143,loco,"('Solar7', 24)"
router_multivar_channel_heterogeneity_cv,-0.007651146777552135,0.2,0.044306688542991385,0.14285714285714285,loco,"('Solar7', 24)"
router_time_robust_scale_ratio,-0.013827613637235732,0.08571428571428572,0.05045617537857235,0.11428571428571428,loco,"('Solar7', 24)"
router_timefreq_burstiness_index,-0.018386944012340218,0.14285714285714285,0.05626494907893077,0.11428571428571428,loco,"('Solar7', 24)"
router_timefreq_rolling_spectral_entropy_std,-0.020661536426142393,0.22857142857142856,0.059631308042035654,0.2,loco,"('Solar7', 24)"
router_freq_dominant_period_to_horizon_ratio,-0.02200256082249313,0.17142857142857143,0.06305818529824828,0.2,loco,"('Solar7', 24)"
router_multivar_cross_channel_mean_abs_corr,-0.022073757605103207,0.14285714285714285,0.06130764832176753,0.22857142857142856,loco,"('Solar7', 24)"
input_cv,-0.023082325140912373,0.14285714285714285,0.06005109814330354,0.11428571428571428,loco,"('Solar7', 24)"
router_freq_harmonic_energy_ratio,-0.025988737851146013,0.0,0.06535616981082663,0.17142857142857143,loco,"('Solar7', 24)"
router_time_iqr_mad_ratio,-0.029178357184427656,0.08571428571428572,0.06826430984052967,0.11428571428571428,loco,"('Solar7', 24)"
router_time_outlier_mass_z3,-0.04156894081521355,0.14285714285714285,0.08105263131452048,0.22857142857142856,loco,"('Solar7', 24)"
router_freq_seasonal_peak_strength,-0.0018009580766045665,0.22857142857142856,0.043569088205944,0.17142857142857143,loco,"('Solar7', 96)"
input_volatility_ratio_late_early,-0.010209612780681932,0.22857142857142856,0.052301240929104695,0.22857142857142856,loco,"('Solar7', 96)"
router_multivar_channel_heterogeneity_cv,-0.011614705244165888,0.2,0.05381322635276066,0.11428571428571428,loco,"('Solar7', 96)"
router_multivar_target_channel_dominance,-0.01240004583718274,0.2,0.05453998743800778,0.14285714285714285,loco,"('Solar7', 96)"
router_time_late_early_level_shift,-0.012695684463718727,0.17142857142857143,0.05490129583607111,0.11428571428571428,loco,"('Solar7', 96)"
router_time_near_zero_fraction,-0.013957094908217688,0.14285714285714285,0.05611118735957371,0.11428571428571428,loco,"('Solar7', 96)"
input_cv,-0.017456570339701213,0.17142857142857143,0.057794224464089085,0.11428571428571428,loco,"('Solar7', 96)"
router_freq_dominant_period_to_horizon_ratio,-0.017689657035679093,0.14285714285714285,0.060186346731766156,0.14285714285714285,loco,"('Solar7', 96)"
router_multivar_cross_channel_mean_abs_corr,-0.024240855954929547,0.08571428571428572,0.06892092147892444,0.17142857142857143,loco,"('Solar7', 96)"
router_time_robust_scale_ratio,-0.025999143205435726,0.0,0.06816764685993254,0.05714285714285714,loco,"('Solar7', 96)"
router_freq_harmonic_energy_ratio,-0.027028932483987446,0.11428571428571428,0.07190906040181141,0.2,loco,"('Solar7', 96)"
router_timefreq_rolling_spectral_entropy_std,-0.027944017931577934,0.17142857142857143,0.07245104724165984,0.14285714285714285,loco,"('Solar7', 96)"
router_time_outlier_mass_z3,-0.02952880521899598,0.08571428571428572,0.07409084639555533,0.17142857142857143,loco,"('Solar7', 96)"
router_timefreq_burstiness_index,-0.029632466486741026,0.02857142857142857,0.07153417507402297,0.02857142857142857,loco,"('Solar7', 96)"
router_time_iqr_mad_ratio,-0.04134988675262764,0.0,0.08597578132188986,0.05714285714285714,loco,"('Solar7', 96)"
router_freq_seasonal_peak_strength,-0.0028718944600880994,0.22857142857142856,0.051399284110618726,0.17142857142857143,loco,"('Solar8', 24)"
input_volatility_ratio_late_early,-0.005216380420709295,0.3142857142857143,0.0538077600406859,0.2571428571428571,loco,"('Solar8', 24)"
router_time_late_early_level_shift,-0.008470106207748134,0.2571428571428571,0.057212135522444196,0.17142857142857143,loco,"('Solar8', 24)"
router_multivar_target_channel_dominance,-0.01179339806353479,0.2571428571428571,0.060496343556873555,0.2,loco,"('Solar8', 24)"
router_time_near_zero_fraction,-0.012831514418013844,0.22857142857142856,0.061540479351137024,0.17142857142857143,loco,"('Solar8', 24)"
router_multivar_channel_heterogeneity_cv,-0.013808047792783832,0.22857142857142856,0.06255571973417887,0.14285714285714285,loco,"('Solar8', 24)"
input_cv,-0.015922131275809284,0.17142857142857143,0.06210506782307835,0.14285714285714285,loco,"('Solar8', 24)"
router_time_robust_scale_ratio,-0.019984514652467426,0.11428571428571428,0.06870520656975983,0.11428571428571428,loco,"('Solar8', 24)"
router_timefreq_rolling_spectral_entropy_std,-0.02681843744137409,0.2571428571428571,0.07788033923322313,0.2,loco,"('Solar8', 24)"
router_freq_harmonic_energy_ratio,-0.028453270897382442,0.0,0.08020868954704012,0.17142857142857143,loco,"('Solar8', 24)"
router_timefreq_burstiness_index,-0.02946820930759964,0.2,0.08063858185125031,0.11428571428571428,loco,"('Solar8', 24)"
router_time_iqr_mad_ratio,-0.03533525819965935,0.11428571428571428,0.08651334103171715,0.11428571428571428,loco,"('Solar8', 24)"
router_freq_dominant_period_to_horizon_ratio,-0.04044665842146734,0.17142857142857143,0.09430799202776657,0.17142857142857143,loco,"('Solar8', 24)"
router_multivar_cross_channel_mean_abs_corr,-0.06073868615978497,0.14285714285714285,0.1134716196395232,0.08571428571428572,loco,"('Solar8', 24)"
router_time_outlier_mass_z3,-0.08408743719513952,0.02857142857142857,0.13641045782338698,0.02857142857142857,loco,"('Solar8', 24)"
router_freq_seasonal_peak_strength,-0.004009271545238024,0.17142857142857143,0.05224209014397311,0.11428571428571428,loco,"('Solar8', 96)"
input_volatility_ratio_late_early,-0.005691060477858563,0.2857142857142857,0.05397213320543944,0.22857142857142856,loco,"('Solar8', 96)"
router_time_late_early_level_shift,-0.008720171701592033,0.22857142857142856,0.05714375576865729,0.14285714285714285,loco,"('Solar8', 96)"
router_multivar_target_channel_dominance,-0.01120305982462345,0.2571428571428571,0.05958561512987334,0.2,loco,"('Solar8', 96)"
router_time_near_zero_fraction,-0.012241176179102507,0.22857142857142856,0.060629750924136805,0.17142857142857143,loco,"('Solar8', 96)"
router_multivar_channel_heterogeneity_cv,-0.013217709553872494,0.22857142857142856,0.061644991307178654,0.14285714285714285,loco,"('Solar8', 96)"
input_cv,-0.015809241104153385,0.17142857142857143,0.06162792924337649,0.11428571428571428,loco,"('Solar8', 96)"
router_time_robust_scale_ratio,-0.01939417641355609,0.11428571428571428,0.06779447814275961,0.11428571428571428,loco,"('Solar8', 96)"
router_timefreq_rolling_spectral_entropy_std,-0.026228099202462756,0.2571428571428571,0.07696961080622292,0.2,loco,"('Solar8', 96)"
router_freq_harmonic_energy_ratio,-0.028453270897382442,0.0,0.07989497548742146,0.2,loco,"('Solar8', 96)"
router_timefreq_burstiness_index,-0.03000472297364222,0.14285714285714285,0.08086643114919281,0.08571428571428572,loco,"('Solar8', 96)"
router_time_iqr_mad_ratio,-0.034744919960748015,0.11428571428571428,0.08560261260471694,0.11428571428571428,loco,"('Solar8', 96)"
router_freq_dominant_period_to_horizon_ratio,-0.042278767132514376,0.14285714285714285,0.09594424459080364,0.14285714285714285,loco,"('Solar8', 96)"
router_multivar_cross_channel_mean_abs_corr,-0.06075423485057408,0.14285714285714285,0.11316793135925833,0.08571428571428572,loco,"('Solar8', 96)"
router_time_outlier_mass_z3,-0.07743792855971061,0.05714285714285714,0.1266516284551819,0.02857142857142857,loco,"('Solar8', 96)"
input_volatility_ratio_late_early,-0.007508511797622175,0.12903225806451613,0.057140093395171586,0.22580645161290322,lodo,ETTh1
router_multivar_target_channel_dominance,-0.010076116738523126,0.2903225806451613,0.05946667861075593,0.22580645161290322,lodo,ETTh1
router_multivar_channel_heterogeneity_cv,-0.01137379680817348,0.25806451612903225,0.06088865342507854,0.22580645161290322,lodo,ETTh1
router_time_near_zero_fraction,-0.011521371675268491,0.2903225806451613,0.06106772539105832,0.25806451612903225,lodo,ETTh1
input_cv,-0.020500211697466856,0.1935483870967742,0.07012270782727051,0.12903225806451613,lodo,ETTh1
router_freq_dominant_period_to_horizon_ratio,-0.022682992799265084,0.16129032258064516,0.07290675350469024,0.1935483870967742,lodo,ETTh1
router_time_iqr_mad_ratio,-0.029303677250975237,0.12903225806451613,0.08170457081731354,0.22580645161290322,lodo,ETTh1
router_timefreq_burstiness_index,-0.03217324845476393,0.12903225806451613,0.08456762369994918,0.16129032258064516,lodo,ETTh1
router_time_robust_scale_ratio,-0.03286847642528755,0.16129032258064516,0.08316147947104852,0.16129032258064516,lodo,ETTh1
router_multivar_cross_channel_mean_abs_corr,-0.04642792995363625,0.06451612903225806,0.09997998608914796,0.12903225806451613,lodo,ETTh1
router_freq_harmonic_energy_ratio,-0.05152426497412445,0.0967741935483871,0.1052460235977896,0.22580645161290322,lodo,ETTh1
router_time_late_early_level_shift,-0.05556831035009471,0.0967741935483871,0.10954318595017659,0.0967741935483871,lodo,ETTh1
router_freq_seasonal_peak_strength,-0.06022330691327507,0.1935483870967742,0.11393976315911471,0.1935483870967742,lodo,ETTh1
router_time_outlier_mass_z3,-0.06682655689384477,0.06451612903225806,0.1209508059878921,0.16129032258064516,lodo,ETTh1
router_timefreq_rolling_spectral_entropy_std,-0.07335476275562557,0.06451612903225806,0.12756380883533067,0.06451612903225806,lodo,ETTh1
input_volatility_ratio_late_early,-0.005772162198908141,0.3548387096774194,0.054612845733195706,0.22580645161290322,lodo,ETTh2
router_time_iqr_mad_ratio,-0.006148786888860331,0.3225806451612903,0.054986434472215295,0.22580645161290322,lodo,ETTh2
router_multivar_target_channel_dominance,-0.00758644094964454,0.25806451612903225,0.05642517575906079,0.0967741935483871,lodo,ETTh2
router_time_robust_scale_ratio,-0.007962070206945253,0.2903225806451613,0.05708264238455535,0.22580645161290322,lodo,ETTh2
router_timefreq_burstiness_index,-0.008950318290477292,0.12903225806451613,0.057915564069952546,0.12903225806451613,lodo,ETTh2
router_freq_harmonic_energy_ratio,-0.01156281382939611,0.16129032258064516,0.060643570139193116,0.12903225806451613,lodo,ETTh2
router_freq_seasonal_peak_strength,-0.011617836802891265,0.1935483870967742,0.060687582457951826,0.16129032258064516,lodo,ETTh2
router_time_near_zero_fraction,-0.01169178852140412,0.12903225806451613,0.06067311159446292,0.16129032258064516,lodo,ETTh2
router_multivar_channel_heterogeneity_cv,-0.01312915749714958,0.22580645161290322,0.062063035154464055,0.06451612903225806,lodo,ETTh2
input_cv,-0.020500211697466856,0.1935483870967742,0.06946805197500532,0.06451612903225806,lodo,ETTh2
router_multivar_cross_channel_mean_abs_corr,-0.02304474882926924,0.0967741935483871,0.07239434290599073,0.0967741935483871,lodo,ETTh2
router_freq_dominant_period_to_horizon_ratio,-0.023495906265326716,0.3548387096774194,0.07299226973077161,0.16129032258064516,lodo,ETTh2
router_time_outlier_mass_z3,-0.023923790474347766,0.0967741935483871,0.07326138126309827,0.12903225806451613,lodo,ETTh2
router_timefreq_rolling_spectral_entropy_std,-0.02629736335061085,0.0967741935483871,0.07576151160618054,0.06451612903225806,lodo,ETTh2
router_time_late_early_level_shift,-0.04803999156333669,0.0967741935483871,0.10203693831658549,0.06451612903225806,lodo,ETTh2
input_volatility_ratio_late_early,-0.005772162198908141,0.3548387096774194,0.053823621778000375,0.25806451612903225,lodo,ETTm1
router_multivar_channel_heterogeneity_cv,-0.0065514548068152986,0.2903225806451613,0.054607881633834954,0.25806451612903225,lodo,ETTm1
router_time_near_zero_fraction,-0.006720944800399431,0.3225806451612903,0.05478222578705808,0.2903225806451613,lodo,ETTm1
router_multivar_target_channel_dominance,-0.007449248966797123,0.25806451612903225,0.05552305075503385,0.1935483870967742,lodo,ETTm1
input_cv,-0.021319627283900414,0.06451612903225806,0.06964498311712294,0.0967741935483871,lodo,ETTm1
router_time_iqr_mad_ratio,-0.029303677250975237,0.12903225806451613,0.08026069100985302,0.1935483870967742,lodo,ETTm1
router_time_robust_scale_ratio,-0.036363229882280634,0.25806451612903225,0.08508757632008075,0.12903225806451613,lodo,ETTm1
router_timefreq_burstiness_index,-0.03996712414078522,0.12903225806451613,0.09098269183425899,0.0967741935483871,lodo,ETTm1
router_time_late_early_level_shift,-0.04020363004892142,0.1935483870967742,0.09313060323320928,0.12903225806451613,lodo,ETTm1
router_multivar_cross_channel_mean_abs_corr,-0.04318945328028441,0.03225806451612903,0.09539328586190682,0.12903225806451613,lodo,ETTm1
router_freq_dominant_period_to_horizon_ratio,-0.04868018886013087,0.12903225806451613,0.10288935650308703,0.12903225806451613,lodo,ETTm1
router_freq_harmonic_energy_ratio,-0.05244042128629031,0.06451612903225806,0.10477219587490474,0.1935483870967742,lodo,ETTm1
router_timefreq_rolling_spectral_entropy_std,-0.05325529293753093,0.03225806451612903,0.10557367969800154,0.06451612903225806,lodo,ETTm1
router_freq_seasonal_peak_strength,-0.06113946322544093,0.16129032258064516,0.11346593543622985,0.16129032258064516,lodo,ETTm1
router_time_outlier_mass_z3,-0.06774271320601064,0.03225806451612903,0.12047697826500724,0.12903225806451613,lodo,ETTm1
input_volatility_ratio_late_early,-0.005772162198908141,0.3548387096774194,0.04999008001324053,0.25806451612903225,lodo,ETTm2
router_multivar_target_channel_dominance,-0.007586440949644539,0.25806451612903225,0.051802410039105615,0.12903225806451613,lodo,ETTm2
router_freq_dominant_period_to_horizon_ratio,-0.01085399736495432,0.2903225806451613,0.052629055879577724,0.12903225806451613,lodo,ETTm2
router_time_near_zero_fraction,-0.011691788521404118,0.12903225806451613,0.05605034587450775,0.1935483870967742,lodo,ETTm2
router_multivar_channel_heterogeneity_cv,-0.01312915749714958,0.22580645161290322,0.05744026943450888,0.0967741935483871,lodo,ETTm2
router_time_robust_scale_ratio,-0.013866481402452916,0.3225806451612903,0.058191207150125025,0.25806451612903225,lodo,ETTm2
router_timefreq_burstiness_index,-0.013884908173123557,0.2903225806451613,0.05822091865963683,0.22580645161290322,lodo,ETTm2
router_time_iqr_mad_ratio,-0.015755393407855173,0.12903225806451613,0.06015373082395795,0.12903225806451613,lodo,ETTm2
input_cv,-0.020500211697466856,0.1935483870967742,0.06484528625505014,0.0967741935483871,lodo,ETTm2
router_multivar_cross_channel_mean_abs_corr,-0.02162558693616712,0.0967741935483871,0.06592358311606115,0.0967741935483871,lodo,ETTm2
router_freq_harmonic_energy_ratio,-0.026411300234021325,0.06451612903225806,0.0721436898770588,0.25806451612903225,lodo,ETTm2
router_time_late_early_level_shift,-0.03300453312429983,0.0967741935483871,0.08155012647074696,0.0967741935483871,lodo,ETTm2
router_freq_seasonal_peak_strength,-0.03400844308819456,0.0967741935483871,0.07972229102201603,0.22580645161290322,lodo,ETTm2
router_timefreq_rolling_spectral_entropy_std,-0.03411553730764439,0.0967741935483871,0.0786191871829777,0.06451612903225806,lodo,ETTm2
router_time_outlier_mass_z3,-0.035762425619388374,0.06451612903225806,0.08150223199086074,0.16129032258064516,lodo,ETTm2
input_volatility_ratio_late_early,-0.0054355081641599065,0.29411764705882354,0.053991519823674616,0.29411764705882354,lodo,Solar1
router_freq_harmonic_energy_ratio,-0.008996676438326353,0.08823529411764706,0.05813902608847726,0.17647058823529413,lodo,Solar1
router_time_near_zero_fraction,-0.011444108653781771,0.23529411764705882,0.06010234710196437,0.20588235294117646,lodo,Solar1
router_multivar_target_channel_dominance,-0.011748848579307806,0.2647058823529412,0.06040020588619955,0.20588235294117646,lodo,Solar1
router_time_late_early_level_shift,-0.011798161356492294,0.17647058823529413,0.060540004690229944,0.08823529411764706,lodo,Solar1
router_time_robust_scale_ratio,-0.01472371436380171,0.08823529411764706,0.0634183036366847,0.14705882352941177,lodo,Solar1
input_cv,-0.016682949028288336,0.058823529411764705,0.06277885815530466,0.17647058823529413,lodo,Solar1
router_multivar_channel_heterogeneity_cv,-0.018253217988419175,0.23529411764705882,0.06697170748570076,0.17647058823529413,lodo,Solar1
router_timefreq_rolling_spectral_entropy_std,-0.03251829343241152,0.2647058823529412,0.0836004620337137,0.23529411764705882,lodo,Solar1
router_multivar_cross_channel_mean_abs_corr,-0.03375534462267185,0.11764705882352941,0.08528823451865727,0.08823529411764706,lodo,Solar1
router_freq_dominant_period_to_horizon_ratio,-0.041222208688659945,0.17647058823529413,0.0951998675823954,0.17647058823529413,lodo,Solar1
router_freq_seasonal_peak_strength,-0.041627035259506166,0.17647058823529413,0.09157123289946235,0.058823529411764705,lodo,Solar1
router_time_outlier_mass_z3,-0.04504362864937839,0.29411764705882354,0.09664637014430993,0.20588235294117646,lodo,Solar1
router_timefreq_burstiness_index,-0.04596034415301917,0.2647058823529412,0.09759257734346073,0.17647058823529413,lodo,Solar1
router_time_iqr_mad_ratio,-0.052968693004549594,0.08823529411764706,0.10468494145859605,0.11764705882352941,lodo,Solar1
input_volatility_ratio_late_early,-0.005396182910437008,0.29411764705882354,0.05483279315004704,0.29411764705882354,lodo,Solar2
router_time_robust_scale_ratio,-0.007268900170269308,0.11764705882352941,0.05684149824533599,0.17647058823529413,lodo,Solar2
router_freq_harmonic_energy_ratio,-0.008996676438326353,0.08823529411764706,0.05901368149340363,0.17647058823529413,lodo,Solar2
router_time_near_zero_fraction,-0.010967426621568504,0.2647058823529412,0.060458386100314364,0.20588235294117646,lodo,Solar2
router_time_late_early_level_shift,-0.011758836102769392,0.17647058823529413,0.06138127801660238,0.08823529411764706,lodo,Solar2
router_multivar_channel_heterogeneity_cv,-0.012318278211479216,0.20588235294117646,0.06185306403520749,0.14705882352941177,lodo,Solar2
router_multivar_target_channel_dominance,-0.012687068354168742,0.23529411764705882,0.062229710752882576,0.11764705882352941,lodo,Solar2
input_cv,-0.016682949028288336,0.058823529411764705,0.06365351356023104,0.17647058823529413,lodo,Solar2
router_multivar_cross_channel_mean_abs_corr,-0.03371601936894895,0.11764705882352941,0.0861295078450297,0.08823529411764706,lodo,Solar2
router_time_iqr_mad_ratio,-0.038303451604974,0.11764705882352941,0.09054479055040897,0.17647058823529413,lodo,Solar2
router_freq_seasonal_peak_strength,-0.04023294758415706,0.20588235294117646,0.09103139650317223,0.08823529411764706,lodo,Solar2
router_freq_dominant_period_to_horizon_ratio,-0.04173862508814748,0.14705882352941177,0.0966031312758533,0.14705882352941177,lodo,Solar2
router_time_outlier_mass_z3,-0.04500430339565548,0.29411764705882354,0.09748764347068237,0.20588235294117646,lodo,Solar2
router_timefreq_burstiness_index,-0.04592101889929627,0.2647058823529412,0.09843385066983316,0.17647058823529413,lodo,Solar2
router_timefreq_rolling_spectral_entropy_std,-0.04795404365348077,0.29411764705882354,0.10042188237727984,0.20588235294117646,lodo,Solar2
input_volatility_ratio_late_early,-0.005010119569807516,0.3235294117647059,0.053926626113068706,0.29411764705882354,lodo,Solar3
router_time_robust_scale_ratio,-0.007268900170269308,0.11764705882352941,0.05633359401961548,0.17647058823529413,lodo,Solar3
router_freq_harmonic_energy_ratio,-0.008996676438326353,0.08823529411764706,0.05850577726768311,0.17647058823529413,lodo,Solar3
router_multivar_target_channel_dominance,-0.011323459984955413,0.29411764705882354,0.06033531217559365,0.20588235294117646,lodo,Solar3
router_time_late_early_level_shift,-0.0113727727621399,0.20588235294117646,0.060475110979624054,0.08823529411764706,lodo,Solar3
router_time_near_zero_fraction,-0.011883841549030357,0.23529411764705882,0.06090457702554864,0.17647058823529413,lodo,Solar3
input_cv,-0.016244470772153255,0.17647058823529413,0.06264201152733233,0.11764705882352941,lodo,Solar3
router_multivar_channel_heterogeneity_cv,-0.01782782939406678,0.2647058823529412,0.06690681377509487,0.17647058823529413,lodo,Solar3
router_multivar_cross_channel_mean_abs_corr,-0.03332995602831946,0.14705882352941177,0.08522334080805137,0.08823529411764706,lodo,Solar3
router_time_iqr_mad_ratio,-0.039109863064016044,0.11764705882352941,0.09084329778373047,0.14705882352941177,lodo,Solar3
router_freq_seasonal_peak_strength,-0.04066178272787699,0.17647058823529413,0.09095912188970179,0.08823529411764706,lodo,Solar3
router_freq_dominant_period_to_horizon_ratio,-0.04176751986202494,0.14705882352941177,0.0961248309487057,0.17647058823529413,lodo,Solar3
router_timefreq_burstiness_index,-0.04466621052520246,0.29411764705882354,0.09665313584936407,0.20588235294117646,lodo,Solar3
router_timefreq_rolling_spectral_entropy_std,-0.04838287879720069,0.2647058823529412,0.10034960776380941,0.20588235294117646,lodo,Solar3
router_time_outlier_mass_z3,-0.05814267162461416,0.058823529411764705,0.11142988898652981,0.17647058823529413,lodo,Solar3
input_volatility_ratio_late_early,-0.005617397360822409,0.29411764705882354,0.055172870654048134,0.2647058823529412,lodo,Solar4
router_freq_harmonic_energy_ratio,-0.008996676438326353,0.08823529411764706,0.05912783834159776,0.14705882352941177,lodo,Solar4
router_time_late_early_level_shift,-0.011331471772956191,0.17647058823529413,0.06106295486689694,0.08823529411764706,lodo,Solar4
router_time_near_zero_fraction,-0.01162599785044427,0.23529411764705882,0.0612836979323379,0.17647058823529413,lodo,Solar4
router_multivar_target_channel_dominance,-0.011930737775970306,0.2647058823529412,0.06158155671657308,0.17647058823529413,lodo,Solar4
router_time_robust_scale_ratio,-0.01490560356046421,0.08823529411764706,0.06459965446705823,0.11764705882352941,lodo,Solar4
input_cv,-0.0176454730849565,0.058823529411764705,0.06474482789917162,0.11764705882352941,lodo,Solar4
router_multivar_channel_heterogeneity_cv,-0.01843510718508167,0.23529411764705882,0.06815305831607428,0.14705882352941177,lodo,Solar4
router_multivar_cross_channel_mean_abs_corr,-0.025178230951775748,0.0,0.0777566788413021,0.20588235294117646,lodo,Solar4
router_timefreq_rolling_spectral_entropy_std,-0.032700182629074016,0.2647058823529412,0.08478181286408724,0.20588235294117646,lodo,Solar4
router_freq_dominant_period_to_horizon_ratio,-0.041277523085341106,0.17647058823529413,0.09625611504140306,0.17647058823529413,lodo,Solar4
router_freq_seasonal_peak_strength,-0.04131922852413746,0.17647058823529413,0.09224549530954945,0.08823529411764706,lodo,Solar4
router_time_outlier_mass_z3,-0.045225517846040876,0.29411764705882354,0.09782772097468347,0.17647058823529413,lodo,Solar4
router_timefreq_burstiness_index,-0.046142233349681656,0.2647058823529412,0.09877392817383425,0.14705882352941177,lodo,Solar4
router_time_iqr_mad_ratio,-0.0531505822012121,0.08823529411764706,0.10586629228896957,0.08823529411764706,lodo,Solar4
input_volatility_ratio_late_early,-0.005444556232256377,0.29411764705882354,0.054687064271381425,0.2647058823529412,lodo,Solar5
router_freq_harmonic_energy_ratio,-0.009565666656067725,0.08823529411764706,0.05942948692438915,0.17647058823529413,lodo,Solar5
router_time_near_zero_fraction,-0.011453156721878237,0.23529411764705882,0.060797891549671176,0.17647058823529413,lodo,Solar5
router_multivar_target_channel_dominance,-0.011757896647404273,0.2647058823529412,0.06109575033390637,0.17647058823529413,lodo,Solar5
router_time_late_early_level_shift,-0.01224997381809626,0.14705882352941177,0.061688475948509146,0.058823529411764705,lodo,Solar5
router_multivar_channel_heterogeneity_cv,-0.012318278211479218,0.20588235294117646,0.061665015183861346,0.14705882352941177,lodo,Solar5
router_time_robust_scale_ratio,-0.014732762431898179,0.08823529411764706,0.06411384808439151,0.11764705882352941,lodo,Solar5
input_cv,-0.016461521936000145,0.14705882352941177,0.063242641656564,0.14705882352941177,lodo,Solar5
router_timefreq_rolling_spectral_entropy_std,-0.03252734150050799,0.2647058823529412,0.08429600648142052,0.20588235294117646,lodo,Solar5
router_multivar_cross_channel_mean_abs_corr,-0.033764392690768315,0.11764705882352941,0.08598377896636408,0.058823529411764705,lodo,Solar5
router_freq_seasonal_peak_strength,-0.041040166762847254,0.17647058823529413,0.09166679253366197,0.08823529411764706,lodo,Solar5
router_freq_dominant_period_to_horizon_ratio,-0.0420830828178777,0.14705882352941177,0.09676842376295214,0.17647058823529413,lodo,Solar5
router_time_outlier_mass_z3,-0.04505267671747486,0.29411764705882354,0.09734191459201674,0.17647058823529413,lodo,Solar5
router_timefreq_burstiness_index,-0.04596939222111563,0.2647058823529412,0.09828812179116753,0.14705882352941177,lodo,Solar5
router_time_iqr_mad_ratio,-0.05297774107264606,0.08823529411764706,0.10538048590630286,0.08823529411764706,lodo,Solar5
input_volatility_ratio_late_early,-0.005293065628873382,0.3235294117647059,0.05530814145977668,0.29411764705882354,lodo,Solar6
router_freq_harmonic_energy_ratio,-0.010255753736026005,0.08823529411764706,0.06087175548577622,0.11764705882352941,lodo,Solar6
router_time_near_zero_fraction,-0.011301666118495243,0.2647058823529412,0.061418968738066446,0.20588235294117646,lodo,Solar6
router_multivar_target_channel_dominance,-0.01160640604402128,0.29411764705882354,0.06171682752230162,0.20588235294117646,lodo,Solar6
router_time_late_early_level_shift,-0.011655718821205766,0.20588235294117646,0.061856626326332015,0.08823529411764706,lodo,Solar6
router_time_robust_scale_ratio,-0.014581271828515183,0.11764705882352941,0.06473492527278678,0.14705882352941177,lodo,Solar6
input_cv,-0.015511999341744978,0.20588235294117646,0.06304255778549725,0.14705882352941177,lodo,Solar6
router_multivar_channel_heterogeneity_cv,-0.01811077545313264,0.2647058823529412,0.06828832912180283,0.17647058823529413,lodo,Solar6
router_timefreq_rolling_spectral_entropy_std,-0.03237585089712499,0.29411764705882354,0.08491708366981576,0.23529411764705882,lodo,Solar6
router_multivar_cross_channel_mean_abs_corr,-0.03361290208738532,0.14705882352941177,0.08660485615475934,0.08823529411764706,lodo,Solar6
router_freq_seasonal_peak_strength,-0.038772560187323835,0.23529411764705882,0.09007923364238415,0.11764705882352941,lodo,Solar6
router_freq_dominant_period_to_horizon_ratio,-0.041108480210769766,0.17647058823529413,0.09655397068784251,0.14705882352941177,lodo,Solar6
router_time_outlier_mass_z3,-0.04490118611409186,0.3235294117647059,0.097962991780412,0.20588235294117646,lodo,Solar6
router_timefreq_burstiness_index,-0.04581790161773264,0.29411764705882354,0.0989091989795628,0.17647058823529413,lodo,Solar6
router_time_iqr_mad_ratio,-0.05282625046926307,0.11764705882352941,0.1060015630946981,0.11764705882352941,lodo,Solar6
input_volatility_ratio_late_early,0.0017332576017671107,0.17647058823529413,0.029134475321934503,0.3235294117647059,lodo,Solar7
router_time_robust_scale_ratio,-0.001080571021348154,0.0,0.03208702898803318,0.20588235294117646,lodo,Solar7
router_freq_harmonic_energy_ratio,-0.0022229189148135382,0.0,0.03322937688149857,0.17647058823529413,lodo,Solar7
input_cv,-0.0022794230371153547,0.23529411764705882,0.03318908351436173,0.20588235294117646,lodo,Solar7
router_multivar_channel_heterogeneity_cv,-0.0028955110326219723,0.17647058823529413,0.033841012773181724,0.29411764705882354,lodo,Solar7
router_time_near_zero_fraction,-0.0037498198891600704,0.14705882352941177,0.03471031733842802,0.2647058823529412,lodo,Solar7
router_time_late_early_level_shift,-0.004046620177145852,0.08823529411764706,0.03508977959603854,0.14705882352941177,lodo,Solar7
router_multivar_target_channel_dominance,-0.004054559814686104,0.17647058823529413,0.03500817612266321,0.2647058823529412,lodo,Solar7
router_freq_dominant_period_to_horizon_ratio,-0.014696393288480415,0.3235294117647059,0.04451726477526104,0.29411764705882354,lodo,Solar7
router_multivar_cross_channel_mean_abs_corr,-0.024176064002918808,0.0,0.05800834066471095,0.23529411764705882,lodo,Solar7
router_timefreq_rolling_spectral_entropy_std,-0.024824004667789824,0.17647058823529413,0.05820843227017736,0.29411764705882354,lodo,Solar7
router_time_iqr_mad_ratio,-0.0329215339150949,0.0,0.0665967327521482,0.17647058823529413,lodo,Solar7
router_freq_seasonal_peak_strength,-0.03377778372205218,0.08823529411764706,0.06557934657087781,0.14705882352941177,lodo,Solar7
router_timefreq_burstiness_index,-0.03927802857811328,0.14705882352941177,0.07323159272545843,0.23529411764705882,lodo,Solar7
router_time_outlier_mass_z3,-0.0411667813723817,0.0,0.07528611472065232,0.20588235294117646,lodo,Solar7
input_volatility_ratio_late_early,-0.005689236939961048,0.29411764705882354,0.05539034121835313,0.23529411764705882,lodo,Solar8
router_freq_harmonic_energy_ratio,-0.008996676438326356,0.08823529411764706,0.05927179591888344,0.14705882352941177,lodo,Solar8
router_time_near_zero_fraction,-0.010879260401364188,0.2647058823529412,0.06066674959202037,0.20588235294117646,lodo,Solar8
router_multivar_target_channel_dominance,-0.011184000326890224,0.29411764705882354,0.06096460837625555,0.20588235294117646,lodo,Solar8
router_time_late_early_level_shift,-0.011233313104074712,0.20588235294117646,0.06110440718028594,0.08823529411764706,lodo,Solar8
router_time_robust_scale_ratio,-0.01415886611138413,0.11764705882352941,0.06398270612674072,0.14705882352941177,lodo,Solar8
router_multivar_channel_heterogeneity_cv,-0.017688369736001592,0.2647058823529412,0.06753610997575675,0.17647058823529413,lodo,Solar8
input_cv,-0.017786363668244834,0.08823529411764706,0.0650270923550354,0.11764705882352941,lodo,Solar8
router_timefreq_rolling_spectral_entropy_std,-0.03195344517999394,0.29411764705882354,0.0841648645237697,0.23529411764705882,lodo,Solar8
router_multivar_cross_channel_mean_abs_corr,-0.03319049637025427,0.14705882352941177,0.08585263700871328,0.08823529411764706,lodo,Solar8
router_freq_seasonal_peak_strength,-0.041391068103276106,0.17647058823529413,0.09246296587385444,0.058823529411764705,lodo,Solar8
router_freq_dominant_period_to_horizon_ratio,-0.04163626602209873,0.17647058823529413,0.09675881555544638,0.17647058823529413,lodo,Solar8
router_time_outlier_mass_z3,-0.04447878039696081,0.3235294117647059,0.09721077263436594,0.20588235294117646,lodo,Solar8
router_timefreq_burstiness_index,-0.04539549590060159,0.29411764705882354,0.09815697983351673,0.17647058823529413,lodo,Solar8
router_time_iqr_mad_ratio,-0.052403844752132014,0.11764705882352941,0.10524934394865204,0.11764705882352941,lodo,Solar8
router_freq_dominant_period_to_horizon_ratio,0.009723068285157501,0.5625,0.037824343348254644,0.25,family,ETT
router_freq_seasonal_peak_strength,-0.016260697338838788,0.25,0.06690678383513764,0.25,family,ETT
router_timefreq_burstiness_index,-0.01698385273970568,0.3125,0.0676244359579423,0.125,family,ETT
router_multivar_channel_heterogeneity_cv,-0.018125623762385443,0.1875,0.06879643442141059,0.125,family,ETT
router_freq_harmonic_energy_ratio,-0.018345146787132973,0.125,0.0690487219294029,0.25,family,ETT
router_time_outlier_mass_z3,-0.01882718079397804,0.125,0.0695224355453587,0.25,family,ETT
router_time_near_zero_fraction,-0.020371660004863117,0.25,0.0711143202714318,0.1875,family,ETT
router_multivar_cross_channel_mean_abs_corr,-0.020373268398909225,0.125,0.07107633469180853,0.125,family,ETT
router_multivar_target_channel_dominance,-0.020380330479678223,0.1875,0.07105924830947666,0.0,family,ETT
router_timefreq_rolling_spectral_entropy_std,-0.021682240171616983,0.125,0.07242062271071101,0.0,family,ETT
input_cv,-0.023519012715492525,0.1875,0.07423608238401996,0.0,family,ETT
input_volatility_ratio_late_early,-0.023921264666779296,0.0625,0.0746581546292489,0.0,family,ETT
router_time_iqr_mad_ratio,-0.027119844082151505,0.125,0.07792194378337486,0.0625,family,ETT
router_time_robust_scale_ratio,-0.027119844082151505,0.125,0.07792194378337486,0.0625,family,ETT
router_time_late_early_level_shift,-0.04589391815198063,0.0625,0.10415809847122214,0.0625,family,ETT
router_freq_dominant_period_to_horizon_ratio,0.01999778355951725,0.6,0.022107101975375184,0.55,family,Solar
router_multivar_target_channel_dominance,-0.0021946534589861164,0.2,0.046590234511245374,0.25,family,Solar
router_time_outlier_mass_z3,-0.016651466459338918,0.2,0.06174454329946827,0.2,family,Solar
input_volatility_ratio_late_early,-0.025338155933482855,0.15,0.07125551033212715,0.25,family,Solar
router_time_robust_scale_ratio,-0.034925771043068224,0.0,0.08044317671162839,0.15,family,Solar
router_time_iqr_mad_ratio,-0.042631536267627806,0.15,0.09084775147999344,0.25,family,Solar
router_timefreq_rolling_spectral_entropy_std,-0.04536772102942173,0.35,0.09400061677497257,0.3,family,Solar
router_multivar_channel_heterogeneity_cv,-0.04685473170023543,0.35,0.09564659275890096,0.3,family,Solar
router_time_late_early_level_shift,-0.04998085320403893,0.2,0.09914365634539767,0.2,family,Solar
router_timefreq_burstiness_index,-0.05565726875135646,0.1,0.10479101099580268,0.1,family,Solar
router_freq_harmonic_energy_ratio,-0.057460554534142824,0.1,0.10705053042950045,0.2,family,Solar
router_freq_seasonal_peak_strength,-0.057460554534142824,0.1,0.10705053042950045,0.2,family,Solar
router_multivar_cross_channel_mean_abs_corr,-0.06598582009118474,0.25,0.11597197949452927,0.3,family,Solar
input_cv,-0.14694553743788577,0.3,0.1991434300485228,0.3,family,Solar
router_time_near_zero_fraction,-0.15582067522515522,0.0,0.20846826659149933,0.1,family,Solar
