dataset,pred_len,seq_len,label_len,e_layers,d_layers,factor,test_sample_count,input_volatility,target_volatility,input_anomaly_density_intensity,target_anomaly_density_intensity,input_turbulence_score,target_turbulence_score,input_mean,target_mean,input_std,target_std,input_cv,target_cv,input_trend,target_trend,input_range,target_range,input_mean_abs_change,target_mean_abs_change,input_max_abs_change,target_max_abs_change,input_skewness,target_skewness,input_kurtosis,target_kurtosis,input_realized_volatility,target_realized_volatility,input_volatility_shock,target_volatility_shock,input_volatility_ratio_late_early,target_volatility_ratio_late_early,input_upside_volatility,target_upside_volatility,input_downside_volatility,target_downside_volatility,input_cumulative_change,target_cumulative_change,input_momentum,target_momentum,input_trend_consistency,target_trend_consistency,input_reversal_rate,target_reversal_rate,input_mean_crossing_rate,target_mean_crossing_rate,input_lag1_autocorr,target_lag1_autocorr,input_mean_reversion_strength,target_mean_reversion_strength,input_jump_intensity,target_jump_intensity,input_tail_ratio,target_tail_ratio,input_max_drawdown,target_max_drawdown,input_max_drawup,target_max_drawup,input_direction_entropy,target_direction_entropy,volatility_bin,anomaly_density_intensity_bin,turbulence_score_bin,mean_bin,std_bin,cv_bin,trend_bin,range_bin,mean_abs_change_bin,max_abs_change_bin,skewness_bin,kurtosis_bin,realized_volatility_bin,volatility_shock_bin,volatility_ratio_late_early_bin,upside_volatility_bin,downside_volatility_bin,cumulative_change_bin,momentum_bin,trend_consistency_bin,reversal_rate_bin,mean_crossing_rate_bin,lag1_autocorr_bin,mean_reversion_strength_bin,jump_intensity_bin,tail_ratio_bin,max_drawdown_bin,max_drawup_bin,direction_entropy_bin
ETTh1,24,48,48,2,1,3,2857,0.19450011397389774,0.1982317451737705,0.05189112622885609,0.05189112622885609,0.47676787399258463,0.47863329339878935,4.942342432968587,4.841288523710976,0.9380593611006467,0.9377922179688537,0.7967070539619212,0.8017116092575782,0.03638273360554349,0.035369344145987844,3.3144402045371057,3.3091632791611962,0.4238279032446448,0.4235956164666538,1.469865449093671,1.4732553147543632,0.052067950772537945,0.047279044372960564,-0.4820655090314506,-0.47410070912355273,0.5655058992349747,0.5656844161139162,-0.07290739324565433,-0.06786959946557644,1.1711319596204124,1.1677556951691554,0.6024434902029044,0.6035818820941125,0.575204642589604,0.5751580928531025,0.003010501106065463,0.010376092266861191,-0.5904376841164458,-0.5592101720149675,0.561348826616408,0.5613563396183208,0.5060672842892062,0.5076124505959002,0.17024546879517968,0.17059548629605475,-0.07334833498534207,-0.07535954693306604,0.2974779471437097,0.29847299141266437,0.02095793195456861,0.02173913043478247,3.2872975141412897,3.296087825293315,2.4217398244926276,2.426772842717663,2.854055772816171,2.847046554359807,0.7700027802659313,0.7706329524343587,low,high,low,mid,low,low,flat,low,mid,mid,low,mid,mid,mid,mid,mid,mid,high,high,mid,high,high,low,high,low,low,low,low,low
ETTh1,48,96,48,2,1,5,2833,0.19139180718884963,0.1977118147243878,0.052330726309863,0.052330726309863,0.4762040077084149,0.47847173227050144,5.016625589500904,4.831524313953077,0.9393915147402482,0.9358309343763773,0.7993992669352733,0.8058241952886189,0.0374753958103316,0.03525350814612806,3.3192066559028257,3.3047433184418824,0.4239943586993661,0.4236118350556147,1.4676586356762227,1.4717914229884597,0.04836716546626924,0.04969755163999246,-0.4925670120374248,-0.47232930568280507,0.565342652693854,0.5655652858145318,-0.0772970314492351,-0.06729082868886713,1.1757083223765705,1.166599570209518,0.6028348290959933,0.6030041618919553,0.5750463062436096,0.5752961263805794,0.012530040873515058,0.006335039267274597,-0.6058408816017281,-0.5630106333494607,0.5605376450629983,0.5616819845709644,0.506437825258688,0.507271694955768,0.17006169523780362,0.17130404088460616,-0.07459385316516239,-0.07684899837189453,0.2978724591761719,0.30026487114163186,0.020410841173130218,0.021739130434782473,3.2768761495375056,3.29057518895041,2.412460382164387,2.4222120303647046,2.866482745094683,2.8414022841373887,0.7709447338651103,0.7701233180142607,low,high,low,low,low,low,flat,low,mid,mid,low,mid,mid,mid,mid,mid,mid,high,high,mid,high,high,low,high,low,low,low,low,low
ETTh1,168,168,168,2,1,5,2713,0.18297380374399383,0.19563035316009242,0.05462914640829907,0.05464344563442363,0.47654860991231107,0.47729683275816437,5.125160193673245,4.738037592664263,0.9429838822325368,0.9257265999763472,0.8226150396059997,0.8311571488420629,0.03876540222715403,0.03530866369715369,3.326679626871772,3.2732638899896216,0.4245225421963841,0.42147939408649393,1.4730715818130777,1.4688696333735698,0.03718959583213317,0.04168425488480859,-0.5301224994988315,-0.46989906805450515,0.5660597484611734,0.5629455773056605,-0.08347946571214332,-0.06774468487240304,1.1914711187000413,1.1664189685423616,0.6054258542925547,0.6010641035529174,0.5750905087835264,0.5729885876948484,0.020553359752908833,0.014725085987179002,-0.6568264348373476,-0.5501911907142125,0.5596111437749974,0.562217817574215,0.5035264089417288,0.5089535649324368,0.1693759973259651,0.173747347141553,-0.07456067740901637,-0.08381385936857227,0.2977905262893696,0.3062952012655367,0.020483959220958085,0.021547964367560696,3.265309712761883,3.2751259517365385,2.414834316010743,2.383468390074482,2.8997229335016628,2.8108918660664455,0.7677020980462613,0.7710232530956568,low,high,low,low,low,mid,flat,low,mid,mid,low,mid,mid,mid,mid,mid,mid,high,high,mid,high,high,low,high,low,low,low,low,low
ETTh1,336,168,168,2,1,5,2545,0.17243784547995825,0.19354421699517207,0.058235314029750636,0.05824341965404262,0.4789390147878793,0.4767511432150212,5.246275009456664,4.599273280540795,0.9448811110524155,0.9150539753281752,0.8575499339802937,0.8732794645895521,0.03907318070305446,0.03438808711854038,3.3426497679336533,3.2445411896121237,0.4233469772455448,0.4202259749200848,1.4725977823159149,1.4652104176225,0.03859385961411001,0.03398127632820243,-0.5064808449479549,-0.4712240904499828,0.5648184570322766,0.5611384384611972,-0.08869566949624098,-0.06618264126382808,1.1997763798254428,1.1629923785879128,0.6042316418922528,0.5996273112995263,0.5746337704277038,0.5723054261204114,0.01559234290704478,0.013803306777078667,-0.6651952137028339,-0.5475977231361254,0.5599543344222024,0.5645311418810881,0.5028119206520205,0.5111998703569274,0.16856337478187713,0.176685011409536,-0.07368745445792269,-0.09068055620362472,0.29794096760448213,0.31442909843426514,0.020402323396258526,0.021737910163638227,3.2603240087456915,3.2796347518964186,2.4292838783719852,2.366758930382241,2.9084228966750025,2.78662234890326,0.766772727481696,0.7734446590634727,low,high,low,low,low,mid,flat,low,low,low,low,mid,low,mid,mid,low,low,high,high,high,high,high,low,high,low,low,low,low,low
ETTh1,720,336,336,2,1,5,2161,0.15158845211723007,0.18867954495975298,0.06215379245725293,0.06359134253136144,0.4943643298356191,0.4758365757680562,5.9523599031957914,4.377285592420629,0.9829565252465134,0.8979184584484218,0.795052701657987,0.9720013283422504,0.045962236824213624,0.03181998652762129,3.460947510402616,3.2079444489122495,0.4318568463633858,0.41776669885278883,1.5220508706994957,1.4460679667845575,0.048368253210576084,0.04689858964781865,-0.49701541479377515,-0.4518046790463589,0.5766718423678837,0.5565815030870903,-0.0877414196945408,-0.06489895907073093,1.2075156516012115,1.152061288100591,0.6188585002457763,0.5916216727037317,0.5769467373515411,0.5728584296225929,0.020846604040144434,0.011703697838444948,-0.8288025948461021,-0.5187924782771124,0.5616296204897132,0.5658243905635592,0.5025932083144269,0.5173045708104135,0.1628013255882805,0.17986008936091208,-0.056968614771043355,-0.09970076166034919,0.2829914748098904,0.32395774689642043,0.020801369659587315,0.021878842042160403,3.1923784881095303,3.260766458143268,2.47893774219504,2.3590378208740788,3.0230013594750105,2.7412085764754743,0.766237330223607,0.7782394809323692,low,high,low,low,low,mid,flat,low,low,low,low,mid,low,mid,mid,low,low,high,high,high,high,high,low,high,low,low,low,low,low
ETTh2,24,48,48,2,1,5,2857,0.2314992480693776,0.2307865742193561,0.017317668026220253,0.017317668026220253,0.7134544644132335,0.7042295592130875,14.558768738777312,14.385887794822175,3.4117343756856187,3.3660416965831454,0.27459237744807924,0.2733976478466791,0.2393103104080388,0.23500012874271814,10.53598319116961,10.40128819826478,0.8713795102584196,0.859083799333242,2.521040063159717,2.486271306522918,0.2204074092823538,0.21590892820743726,-1.0157787683613662,-1.0139697248795643,1.1170706175971377,1.101619938354953,-0.05347496958916748,-0.06963501444294712,1.0244386744959564,1.0277212912451255,1.6663832336699012,1.6433901415769858,0.8327451621055589,0.8236902602500632,0.29122004199091994,0.28202504480807233,-3.4490773589646375,-3.367175693899174,0.6488382016132078,0.6502763808496249,0.12273361451335296,0.12343418117379645,0.08147037786672004,0.08092252438708948,0.7398420969655631,0.7332227455764225,0.08147037786672004,0.08137103217375372,0.03385785231290546,0.03236140067872955,2285045.071817358,2807336.8801336084,7.221767122138272,7.1113177595081805,10.103030790986125,9.955851812900093,0.7630217065580809,0.7643758141920455,mid,low,mid,high,mid,low,up,mid,mid,mid,mid,low,mid,mid,mid,mid,mid,high,mid,high,low,mid,high,mid,mid,mid,mid,mid,low
ETTh2,48,96,96,2,1,5,2833,0.2312079986457249,0.23144220980954744,0.017338841316565778,0.017464376121041743,0.7211922581818053,0.7048609063332166,14.677956845184706,14.361604065411878,3.448015453462364,3.3672662164983813,0.275997445597688,0.2743635814096369,0.2430489455476758,0.2352404601271079,10.635026351462141,10.407552024142463,0.8803282176568811,0.8599791310350742,2.5492650024637586,2.490166647600586,0.22096824103255835,0.21498010317091693,-1.0200867933968591,-1.0125716187144165,1.1281985290630556,1.1027037322895124,-0.04112746901157245,-0.06954905706792099,1.0179672644427413,1.0280650695421931,1.6868017206268557,1.6462214715978596,0.836006625315769,0.823139629592329,0.3124821574369,0.275883715241667,-3.511659680479961,-3.3714506804262814,0.6483159936872435,0.6498864441664042,0.12194981495164567,0.1230686805561782,0.08179990484814136,0.08105557175524544,0.742530075762497,0.7344966650377236,0.08179990484814136,0.08135107922943527,0.035155542595804064,0.03218537219212487,2177708.73532568,2614739.270852704,7.297886776730571,7.112487408171991,10.217063852674414,9.963719366410015,0.7600306070828763,0.7636442002687829,mid,low,mid,high,mid,low,up,mid,high,mid,mid,low,mid,mid,mid,mid,mid,high,low,high,low,mid,high,mid,mid,mid,mid,mid,low
ETTh2,168,336,336,3,2,5,2713,0.20337750208924374,0.23279406757248594,0.015433518590318183,0.017896064752770013,0.6994797231706745,0.7059380128181034,15.380278471064868,14.162904397160899,3.3310031580409367,3.364376193701873,0.2569226703591692,0.27887066735151833,0.2298703339398329,0.2371371229818559,10.282335304629056,10.402930404392816,0.857077500937508,0.859727753862518,2.490559325572985,2.494437282530217,0.22205258937331773,0.2077631347115869,-1.0102043923971855,-1.010667612555539,1.0993595297027607,1.1023462411680134,-0.06176205256207878,-0.0726405571312411,1.0104019368113153,1.0203922158279795,1.6420467680808724,1.6543313486332574,0.8257750120144861,0.81606116909983,0.2205431757134296,0.3006963485928485,-3.426400120983593,-3.364657633778269,0.6445313001549251,0.6488400312580951,0.12285444269338046,0.12239384972849222,0.08231534540770336,0.08137607516604033,0.7374662642090472,0.7354735547700825,0.08231534540770336,0.08149010515927842,0.03212765161834854,0.031944193244855076,2274031.833463344,2442672.5658785873,7.182127022520177,7.068649877894766,9.900513412182457,9.973514867176672,0.7694021878457141,0.7615806842748677,mid,low,mid,high,mid,low,up,mid,high,mid,mid,low,mid,mid,mid,mid,mid,high,mid,high,low,high,high,mid,mid,mid,mid,mid,low
ETTh2,336,336,168,3,2,5,2545,0.19052975231085034,0.22794069613143533,0.01584552335033407,0.017721534988847064,0.6952400698646459,0.697323393144364,15.93466765714747,13.93104507469038,3.3095359123443004,3.307260439570317,0.23845341014552335,0.28040619580062726,0.22605371826651813,0.232450731478947,10.214515440523797,10.237513209107506,0.851182526267438,0.846664663528667,2.468329822709757,2.4739376453234065,0.2184458487256993,0.2001082008418624,-1.0100644782453612,-1.009501487182425,1.0916766960585913,1.087569516442912,-0.07656637986012405,-0.08700025341776894,1.0062159882621085,1.0201747688941865,1.6234536701342912,1.6397438159255446,0.827026214604227,0.8052697087404149,0.18776344032079711,0.28655452948020743,-3.4032151593253284,-3.2908202619781903,0.6452455422502269,0.6500225863097169,0.12453057125061766,0.12355387569049707,0.08228312731088912,0.08157032625982882,0.7376215573704783,0.7343317047966783,0.08228312731088912,0.08163496502245514,0.029783401871895897,0.02965242610241325,2342886.977013583,2519739.817266818,7.167794160322854,6.94871343828316,9.816947797280454,9.813720121127606,0.777529434777741,0.7679691163220884,low,low,low,mid,low,low,up,low,mid,mid,mid,low,mid,low,low,mid,mid,high,mid,high,low,high,high,mid,low,mid,low,low,low
ETTh2,720,720,336,3,2,5,2161,0.1738396658393821,0.2186211893465521,0.01793317554372389,0.01883026675528282,0.7216783906787059,0.6859387669123007,18.56037384898713,13.61613867901718,3.4669663077157273,3.2344803849063957,0.20859258648991452,0.2738282715482213,0.2391615806329046,0.22468808080966718,10.699031867622875,10.004825301278284,0.8923373915033566,0.8261500060599268,2.553763012022853,2.4269748399646573,0.2279161033055008,0.1850908327303926,-1.0170580897741686,-1.015994129608009,1.139167110581739,1.0634647926768417,-0.04257542990209011,-0.11179776974546186,1.0213716922834701,1.0173503208690668,1.6738354132285909,1.6042079285279258,0.8708025582075971,0.792742532766036,0.22101909434680364,0.2437839484618488,-3.6874240230291,-3.1916943345544744,0.6483836133314754,0.6496559132905991,0.12300305609793315,0.1260334390734916,0.08288811886693048,0.08120755567641727,0.753353319036191,0.7297831231060773,0.08288811886693048,0.08124433195359786,0.030153347442950888,0.026866857953447745,2123020.2024006224,2501234.554639542,7.5888852304912175,6.801588711039197,10.308546354550133,9.553358994423638,0.7749606683776332,0.7803056242919436,low,low,low,mid,low,low,up,low,mid,mid,low,low,mid,low,low,mid,mid,high,mid,high,low,mid,high,mid,low,mid,low,low,low
ETTm1,24,672,96,2,1,5,11497,0.1898013575287425,0.19780524545348607,0.05159233370249538,0.05159438337672235,0.4721507268191042,0.47564620149579045,5.0572576437373975,4.842719458907463,0.9353554610804129,0.9324139968637273,1.3062978100067495,1.3152663823418909,0.008758211485252826,0.008062903173547104,3.627103707559067,3.61587937199946,0.21139815796266598,0.2109714251036283,0.9756508460821878,0.9768694150061091,0.04343280135963632,0.04922094770985832,-0.44921304787865746,-0.4238952504951849,0.2855568164313498,0.28545451896420365,-0.07541260783265714,-0.06335911283092606,1.0064036960312053,1.0062155876594183,0.30535030175613415,0.30508567328716546,0.3097146016261061,0.31045328660807986,-0.10625224000652571,-0.11347753505784756,-0.7381734710907115,-0.6735237924557225,0.5195522719311577,0.5203986398441387,0.506689506132329,0.5077957071410814,0.08400759662049805,0.08422792215818327,0.0009923846101244681,0.0005317333079985426,0.13666131854815222,0.13719345349719866,0.015088457204592542,0.01604262896957078,3.5510281403570634,3.585313782846835,2.7989189140530577,2.814670006384007,3.166558792473162,3.1390694264247023,0.8689064133531046,0.8696775629124647,low,high,low,mid,low,mid,down,low,low,low,low,mid,low,mid,low,low,low,low,high,low,high,high,low,mid,low,low,low,low,mid
ETTm1,48,96,48,2,1,5,11473,0.1951933291965976,0.19753139681059884,0.051702312009254486,0.05170231200925449,0.4738297263920145,0.4754828838711801,4.892859996281154,4.840530832733161,0.9300616484051045,0.9317320039228619,1.313352469997499,1.3170062067837471,0.008197585386018481,0.008091651400437763,3.6114016504984088,3.614687800984078,0.2109560616029935,0.21098054753310347,0.9751662765739582,0.977073098765747,0.050207762663636316,0.04905191866570109,-0.4224469577816683,-0.42170763368112807,0.28516612755409737,0.285435410307459,-0.06641782520276855,-0.06327353270211382,1.0056570230683197,1.005712209025353,0.30443615017923437,0.30499246830142257,0.31005929603316806,0.3104218420583152,-0.11821081611736703,-0.11253719353524139,-0.6983153086162471,-0.6758886991315656,0.5201983052373883,0.5203637782100883,0.5071350667227258,0.5076776351700806,0.08440686829948588,0.08433805685660166,0.001443250521716695,0.0006569083011282724,0.13661328505501866,0.13720677273928977,0.015811034602980684,0.016032148706115273,3.558908804642989,3.579317663793572,2.8078817707128225,2.8124644878144816,3.13558347293714,3.138277799704118,0.8693442818493256,0.8695605128435877,low,high,low,low,low,mid,down,low,low,low,low,mid,low,mid,low,low,low,low,high,low,high,high,low,mid,low,low,low,low,mid
ETTm1,96,384,384,2,1,5,11425,0.19131282313174705,0.1969802479533079,0.05191952960019054,0.05191952960019052,0.47258536534725926,0.4751541901766252,4.997573575687082,4.83612599507435,0.9318517418891882,0.9303594222438895,1.3139111779638417,1.3205077843081272,0.008566664739181992,0.008149510195109433,3.6195345208224894,3.612289640465242,0.21090156663423745,0.21099890737059604,0.9735294278523593,0.9774830335026496,0.05106352114851096,0.04871173014567029,-0.4235761183206388,-0.41730482746472336,0.28492827423521516,0.28539695214963096,-0.07300402991234109,-0.0631012937977892,1.0055494769069426,1.0046991072037605,0.30445704878818325,0.30480488358000707,0.30927264594536813,0.3103585566336072,-0.1210050685974388,-0.11064465848309202,-0.7289393913406773,-0.6806483196220983,0.5195652304118925,0.5202936155480876,0.5068870154923254,0.5074400030561907,0.08450696763791328,0.08455971438442947,0.0007882266720131493,0.000908835985331785,0.1371006067678945,0.13723357909838318,0.015249568121616723,0.01601105608660578,3.544160360914569,3.5672498509698753,2.7986188686037483,2.8080256524545097,3.147787609513792,3.136684568648265,0.8690258672238055,0.8693249374139366,low,high,low,low,low,mid,down,low,low,low,low,mid,low,high,low,low,low,low,high,low,high,high,low,high,low,low,low,low,mid
ETTm1,288,672,288,2,1,5,11233,0.18663558775538547,0.19586576461807828,0.052797227369940095,0.052806963917223976,0.47253872662596025,0.47454462555384774,5.084751849723194,4.811531662468856,0.9354280551039994,0.9258469166841853,1.3306022748258401,1.3380049912542782,0.008853324900813465,0.008121747869439953,3.6279390186567526,3.60070545976125,0.21150860274001765,0.21072559751269807,0.9779723579607258,0.9772275506657709,0.03826260080416966,0.0501017119148898,-0.4644024229103293,-0.409405285709238,0.28583228425573165,0.285036727175825,-0.07698086428325802,-0.06326211784354632,1.0085466353549355,1.003940811769615,0.3060678645853017,0.30399951182886364,0.30961851171865623,0.3103009865132933,-0.10916051407183329,-0.12056803194442667,-0.7647134856169798,-0.6874041175601029,0.5189650939632022,0.5196600101823176,0.5060984054489862,0.506948535377242,0.08440010267813228,0.08537563975816881,0.001013830253371965,0.001297788727178681,0.13707879398376024,0.1381896924378352,0.01494510669087903,0.015925507706772264,3.556873903854689,3.5523640341472884,2.797846809071081,2.796345226061394,3.173749410018981,3.121509471826905,0.8683085812845718,0.8691508896268652,low,high,low,low,low,mid,down,low,low,low,low,mid,low,mid,low,low,low,low,high,low,high,high,low,high,low,low,low,low,mid
ETTm1,672,672,384,2,1,5,10849,0.18197196015525857,0.19447728352335678,0.054654474735322506,0.05467322168608776,0.47353455244750003,0.4740228532126764,5.120246522740185,4.732722147406492,0.9359672741390307,0.9186837238072778,1.369260955137408,1.377662322546288,0.008861796971841928,0.008166184546534212,3.6320103256422906,3.576113560591956,0.21192096582866465,0.21026797872602532,0.9833376169237676,0.9760216009732933,0.033603431124097444,0.041064956123848625,-0.4803858142194714,-0.4104738604442019,0.2867390838969596,0.28436189994805494,-0.07683308285973883,-0.06275804215191239,1.0122658941657015,1.0017950555660442,0.3075581597475033,0.3032580245338715,0.31038265002832166,0.30961590282647683,-0.11776401781584372,-0.11269508743950751,-0.7949510671900524,-0.6776160715126047,0.5185085150864999,0.5184894828321558,0.5056242724071347,0.5061592199086464,0.0846616783917579,0.08674598053803523,-0.0001355089680287555,0.0013339813239306836,0.13740573263056766,0.1397554067329205,0.015136352264197935,0.01585915891212014,3.5718318375787117,3.533803526401731,2.806164494417568,2.7673827768929686,3.1882080859585264,3.0982838913529718,0.86775763845087,0.8684059290367409,low,high,low,low,low,high,down,low,low,low,low,mid,low,high,low,low,low,low,high,low,high,high,low,high,low,low,low,low,mid
ETTm2,24,672,96,2,1,5,11497,0.228672147176661,0.23045623976920693,0.016659330747350966,0.01705486815623518,0.7172741363340768,0.703691703002902,14.782296741023293,14.399645557473313,3.4335858139209683,3.368729483969435,0.2729440063091625,0.2724351704526867,0.05747128224827462,0.05588772593437952,10.721755589814304,10.532510807589468,0.217872258394489,0.21335904528678243,0.8280068583659933,0.8185414583971057,0.21626266727663263,0.20921339410566617,-1.0149925775964088,-1.0103148857097553,0.3111857716869076,0.30581870746007794,-0.038773766634233243,-0.06171218723494033,0.8782870569329123,0.8834186313537773,0.5100625985683602,0.5020141671691883,0.3213699705555776,0.32012691968648743,0.010726708828685181,-0.0010577288359946463,-3.7972275646326055,-3.644840849910994,0.613867381483066,0.6169161024866864,0.05818903828376477,0.0595532369970044,0.020415279958615692,0.020184212815241912,0.6227941553894857,0.6098626799433098,0.020415279958615692,0.020184212815241912,0.03265865040961971,0.030858393265062227,12348954.379189739,12971270.582113305,7.631780914912577,7.457617400739155,10.251536601714003,10.029437844562688,0.8642053596236916,0.8559426914192672,mid,low,mid,high,mid,low,flat,mid,low,low,mid,low,low,high,low,low,low,low,low,high,low,low,high,low,mid,mid,mid,mid,mid
ETTm2,48,96,48,2,1,5,11473,0.23073853153063675,0.23054764967114652,0.017090544686850506,0.017090544686850506,0.7075129902824956,0.70360114251659,14.48165136941537,14.394089621268234,3.3872940731766787,3.3678870354649106,0.2730121823346643,0.27259996629781075,0.05637226116323652,0.055942726376527335,10.591111356312464,10.530871850760763,0.21476034023040222,0.21335055359092764,0.822073836501366,0.8184144660410985,0.21119162224813462,0.20908780729248572,-1.0104277743215269,-1.0098188694414947,0.307567651861781,0.305816316375758,-0.05553756406287287,-0.06195475649891469,0.8818266948695374,0.8831491403554383,0.5044775480609025,0.5020596987284364,0.32087147703130453,0.32006232543930907,-0.002410288354964723,0.0016976627239132208,-3.6903085956741397,-3.643962456044766,0.6154107968990994,0.616637708558305,0.05934335896938436,0.05958682604659673,0.020259465013968213,0.020193406028799377,0.6146628922174308,0.6100627056281798,0.020259465013968213,0.020193406028799377,0.03131425268479308,0.030746787652474634,12837330.763157008,12975394.187586227,7.509641251754794,7.45345325976192,10.09507661018315,10.030193400634444,0.858975875741779,0.8561989722744626,mid,low,mid,high,mid,low,flat,mid,low,low,mid,low,low,high,low,low,low,mid,low,high,low,low,high,low,mid,mid,mid,mid,mid
ETTm2,96,384,384,2,1,5,11425,0.2308952401867898,0.2307316215998292,0.017086036270034667,0.017162347412887163,0.7174341498235111,0.703418880125145,14.65764708364979,14.382907722178555,3.435079433577636,3.3661915202865282,0.2743924284021507,0.27293163506479373,0.05747605970188631,0.056053420483025966,10.730368098336184,10.5275732797919,0.21772822338505335,0.21333346317040375,0.8281246735126236,0.8181588807252095,0.21396957665037106,0.20883505077762599,-1.0130957263446294,-1.0088205851463186,0.3110595862463923,0.3058115040700379,-0.04178262467020624,-0.06244295235500449,0.8753220153478063,0.8826067617107288,0.5098233391683462,0.5021513357239156,0.3213329350133114,0.3199323228030186,0.010654696479146122,0.007243174630129525,-3.777156098092411,-3.6421945970898384,0.6142179289911343,0.6160774118415259,0.058394937786493496,0.05965442750010449,0.020397788782678283,0.02021190832661472,0.6219467017462887,0.6104652781093962,0.020397788782678283,0.02021190832661472,0.03251733271910624,0.03052216975699637,12474058.370908273,12983693.372202812,7.6214193383348325,7.445072493229706,10.243643992108902,10.031714035760391,0.8635813672898038,0.85671476413305,mid,low,mid,high,mid,low,up,mid,low,low,mid,low,low,high,low,low,low,high,low,high,low,low,high,low,mid,mid,mid,mid,mid
ETTm2,288,672,288,2,1,5,11233,0.22512881092978873,0.23208450983707044,0.01607420094035207,0.017455694755829775,0.7178782275660927,0.7051859506327285,14.823344346084118,14.323828094409242,3.432435762884543,3.3709912948365393,0.27317630624709305,0.2750077649888758,0.057445225577447745,0.05630926403842148,10.718272990448375,10.549548392550676,0.21825444762769453,0.21391199671286606,0.8286269437638955,0.8189883225908435,0.2161086573082276,0.20691698558161578,-1.014195514186694,-1.006376463721795,0.3115833685959493,0.30645386918473194,-0.038048440768897504,-0.06164549135389446,0.8771892640344774,0.8793970503344104,0.5107537465686465,0.5033697007130686,0.32129578466259645,0.3192758252180495,0.0032894456735714102,-0.0019047754115601337,-3.8198070151701784,-3.6545916001886356,0.61222929621917,0.6151255481175977,0.05793669354221906,0.059032840695059874,0.020490344975765705,0.02028749877007076,0.6245713037108784,0.6120500109092946,0.020490344975765705,0.02028749877007076,0.03230237973639693,0.0303868926299546,12238005.697646393,12971296.252021713,7.6539954512603,7.450537239926134,10.266138259542464,10.056557996502482,0.8656087964060484,0.8582715680159934,mid,low,mid,high,mid,low,up,mid,low,low,mid,low,low,high,low,low,low,low,low,high,low,low,high,low,mid,mid,mid,mid,mid
ETTm2,672,672,384,2,1,5,10849,0.21630398460701472,0.23269335706690036,0.015247419528529628,0.0177306584783042,0.7130615184734803,0.7050604180640896,14.906872327929221,14.159252043673641,3.401197720608575,3.3641138735042513,0.27025011426516343,0.2783521568595334,0.056371227216875486,0.05660197100013477,10.624111276239,10.531258851067243,0.21700347187365354,0.21347784249293497,0.8258686185985061,0.8183280523694875,0.21756063163600778,0.19984110072220257,-1.0104526702430907,-1.005195418712905,0.31020855659758423,0.30605542290465176,-0.043130081379021995,-0.06469355649816362,0.8753887177842445,0.8749089565212754,0.5090556235752245,0.5035917145116242,0.32147207378550463,0.31805735759126486,-0.028685361028805464,0.019366027401789627,-3.790263265696647,-3.64600330857034,0.6107007457099419,0.6135408375371364,0.058299614855517545,0.05893745243083905,0.02049376367455595,0.020353838786291437,0.623090055354008,0.6113602431375841,0.02049376367455595,0.020353838786291437,0.031173882489429337,0.02975366912996375,12316291.457066612,13019187.544594292,7.6385836095391335,7.40675385896704,10.190018238450534,10.046567334448843,0.864262269195072,0.8585180970039841,mid,low,mid,high,mid,low,up,mid,low,low,low,low,low,mid,low,low,low,high,low,high,low,low,high,low,mid,mid,mid,mid,mid
Solar1,24,96,48,2,1,5,14012,1.3702348248299878,1.3720902560811223,0.017035231959887296,0.017083957790871785,1.0144639911689592,1.014684030823029,9.363921017504289,9.352733713491805,13.00552244155965,13.008030325619467,1.4227709469303973,1.4248334479510265,0.07971648429355867,0.07965906021480464,37.142134808485565,37.148815699578904,1.0616986651929892,1.060287815449161,8.347056644340539,8.330495125570911,1.0219697278671735,1.0245069982151949,-0.43443705123890647,-0.43003731680396007,2.0730097445844984,2.071594153030041,-0.05950893234151829,-0.058982044571940846,2099379.5931609,2099379.59381662,3.0488497482982893,3.050781955534386,3.0465757933940663,3.047469857902624,0.0,0.0,-6.481686111975429,-6.408549829431891,0.5426565428456152,0.5425815247134711,0.17536844542098637,0.17498954812248443,0.02350466517421078,0.02350466517421078,0.5383338660160901,0.539096152206642,0.04040567967350679,0.040172066399755305,0.03915065282389489,0.03926183571975859,272807383.8738401,275498712.63704836,37.142134808485565,37.148815699578904,37.142134808485565,37.148815699578904,0.9158468804781579,0.9152797746550276,high,low,high,mid,high,high,up,high,high,high,high,mid,high,high,high,high,high,low,low,mid,low,low,high,low,high,high,high,high,high
Solar1,96,96,48,2,1,5,13940,1.369090321886902,1.37159167360209,0.017055407108785236,0.017116697548574027,1.0143362292694937,1.0142676992875765,9.372663197212706,9.352156756784233,13.006591681451082,13.005401163104203,1.4215041586375028,1.4246096914904873,0.07975445097330498,0.07953057690620642,37.12899525943327,37.136837826578166,1.0613221560922717,1.0581182037491474,8.338662108787636,8.313317881169269,1.0202824013911067,1.0242696896036616,-0.4375615313913914,-0.4300178845998418,2.0711836398371233,2.066935004524691,-0.06110166364362492,-0.06106878455657411,2110222.8664192907,2110222.8656273563,3.0426606406710786,3.041244727392055,3.044055521984324,3.0442767546192555,0.0,0.0,-6.513180790028672,-6.395161741032975,0.5427372691826984,0.5424928808868393,0.1752699180228738,0.1742793076249822,0.02351732991014041,0.02351732991014041,0.5395411923117921,0.5418950159249313,0.04050563802808415,0.03987737259826524,0.03891791890055082,0.0389481235369625,271182300.53373367,275232587.1217676,37.12899525943327,37.136837826578166,37.12899525943327,37.136837826578166,0.9161684450453385,0.9152621276222448,high,low,high,mid,high,high,up,high,high,high,high,mid,high,high,high,high,high,low,low,mid,low,low,high,low,high,high,high,high,high
Solar2,24,96,48,2,1,5,14012,1.3450083784741522,1.3499070203167933,0.026445216897143114,0.027086452594664384,1.0107611062294077,1.0126989679844898,18.061293620035183,18.046886151722685,25.120676961676047,25.143428500194485,1.4172322277144644,1.4190414037517347,0.23243209069862225,0.23216120015244276,73.0719599467599,73.18264123033825,2.068379359275508,2.073338111530718,18.49290287582076,18.61828387032547,1.0384214636957636,1.041123720848315,-0.35876325657808333,-0.3537779789656244,4.22263008838708,4.238953686455242,-0.03241273760013603,-0.029275155379520874,2.155688774498946,2.1601473143695933,4.393563490854613,4.410927980081635,4.179283953880188,4.194874209448194,-0.0006766814872966038,-0.0006339768769626046,-29.175575545746707,-29.01803951145468,0.5324432996439823,0.5324571890651137,0.43763434652574723,0.4378659466762344,0.021629580660185176,0.021629580660185176,0.48975294501381794,0.48799118337887226,0.035053483635537536,0.03493548884977261,0.03763015159938073,0.03787092266778828,1230.128097901168,1245.7839022542205,73.0517915139168,73.16250070525277,73.06141052908211,73.17183868105897,0.6818909104230845,0.6820326805814257,high,mid,high,high,high,high,up,high,high,high,high,high,high,high,high,high,high,low,low,low,high,low,mid,low,high,mid,high,high,low
Solar2,96,96,48,2,1,5,13940,1.3397733352137815,1.3471843828068923,0.02587866327781056,0.026817770898294176,1.0086708032028286,1.0114125787456747,18.044233565983355,18.016980374430645,25.07525115274585,25.10468108609059,1.4163526277879264,1.4192234027564947,0.2321218959461638,0.23158355061435096,72.94606184921089,73.09924368317787,2.065184295671675,2.0699965414626593,18.421611687804912,18.519443039239633,1.0374939403887289,1.0416849193250495,-0.3592498231350394,-0.3515260521640291,4.2135973994632145,4.229452753676198,-0.03336827708776272,-0.030351623310248644,2.1576015112988407,2.1609870270685625,4.383880209499603,4.397900410541329,4.1708273671648515,4.189656753096316,-0.0007072901721664286,-0.0006408642754662852,-29.22756115487826,-28.968600063307242,0.5324253466603708,0.532393186358596,0.43770446237118027,0.4377518135136228,0.021632560598050965,0.021632560598050965,0.4897731346871001,0.48943542597804623,0.035125797935973306,0.03500719370798635,0.03757985350751315,0.03782186815676181,1219.6300825716198,1242.0615728280145,72.92578924655682,73.07900334964145,72.9356941544834,73.0885594842897,0.68159652333407,0.6822006680930275,high,mid,high,high,high,high,up,high,high,high,high,high,high,high,high,high,high,low,low,low,high,low,mid,low,high,mid,high,high,low
Solar3,24,96,48,2,1,5,4047,1.238057204797485,1.2408536695373973,0.020911051668842214,0.021073708159690733,0.9883774541711803,0.990364672593933,5.795122882105972,5.785822511317554,7.3109702840965936,7.3147648125069695,1.2779406234354205,1.2808302959337288,0.009275230363945158,0.009035749551069778,22.30590646571536,22.382834813009655,0.9671460213959642,0.9796391738376686,7.939210893624914,8.090878930195215,0.9983506606864763,1.005168869158662,-0.28577862686252953,-0.26929067684839575,1.844211513813895,1.8734886786974712,-0.041301531093273156,-0.027636826595992342,1.4004264474187513,1.401754259937407,2.3493578182423684,2.3751597693433397,2.3914052282764655,2.4470904024894065,0.0,0.0,-1.6979380474425496,-1.6800923309859146,0.5375320219891405,0.5386759077179006,0.3289977926074033,0.32887630963730113,0.03809449494752458,0.038851390893839585,0.024850284367080755,0.024543110974466917,0.1988652704037668,0.2007572963107555,0.04379072217236927,0.044926066091841785,19.631151683836595,19.971763470392624,22.30590646571536,22.382834813009655,22.30590646571536,22.382834813009655,0.9902304465919477,0.989914622876924,mid,mid,high,mid,high,mid,down,high,high,high,mid,high,high,high,high,high,high,low,mid,mid,mid,mid,low,high,high,low,high,high,high
Solar3,96,96,48,2,1,5,3975,1.234203866828797,1.2387934650375585,0.02072129322874954,0.021190719240558948,0.9856298351162059,0.9883345903761097,5.784034063508269,5.772029739234817,7.292680522675862,7.296762179368207,1.277224582008971,1.280583152889425,0.009418698923567196,0.009243842253656485,22.245750365471718,22.319358701698135,0.9647201729970192,0.9766730739874195,7.909734055471704,8.040661765345918,0.9978250286750556,1.0052307796251552,-0.28465892372873514,-0.2673223118799015,1.8383769127774077,1.8663093132887354,-0.04320996767490403,-0.030769645708159356,1.4060953525344566,1.4046915094808927,2.351289238448355,2.3766161287425454,2.3701102668862153,2.4234622089302262,0.0,0.0,-1.7061845116981122,-1.6820417216981125,0.5370620774998295,0.5380191635506155,0.33194411980024424,0.33077366592289753,0.03783118172790477,0.03860178748758699,0.01755618481762181,0.02272131415550306,0.2003899582561847,0.20231625482111126,0.043725918570009806,0.04488182720953314,19.58833755733082,19.930962200044835,22.245750365471718,22.319358701698135,22.245750365471718,22.319358701698135,0.9904064665418378,0.9900403009638078,mid,mid,high,mid,high,mid,down,high,high,high,mid,high,high,high,high,high,high,mid,mid,mid,mid,mid,low,high,high,low,high,high,high
Solar4,24,96,48,2,1,5,14012,1.4428679715074546,1.4495860349390908,0.05491620577937849,0.05600872535610669,0.9139081650212094,0.9159699120282405,15.48786932666356,15.482624552095329,22.12671143099163,22.146132604728457,1.4914306476525394,1.4924806468305218,0.027486312187075434,0.02765889626991489,67.93230134884415,67.96829767342308,2.3363099245759265,2.3277699347927325,22.43533845989158,22.355323758207305,1.253701096396593,1.2547351823432262,0.36301357706891696,0.3639523645666912,4.803538492903319,4.787664092143088,-0.14541951760883778,-0.14597310063514465,1.2683564043198927,1.262984876890749,6.8235112901681125,6.815410856340526,7.124613117182417,7.095356195928175,0.0,0.0,-1.4504037967456425,-1.4295979874393332,0.5449050028947071,0.5445687206414873,0.3020130200016459,0.3006713185904153,0.028552969635048806,0.028549964691917357,0.13366331161340017,0.13890000613414122,0.11458841878455421,0.11337466495258386,0.03373912586204291,0.03373649653680289,721992027.5779638,726481656.3751192,67.93230134884415,67.96829767342308,67.93230134884415,67.96829767342308,0.9182074290570493,0.9178929855695953,high,high,mid,high,high,high,flat,high,high,high,high,high,high,low,mid,high,high,mid,mid,mid,mid,mid,mid,mid,mid,high,high,high,high
Solar4,96,96,48,2,1,5,13940,1.432068460838164,1.4459055866380566,0.05328855458143224,0.055405079994365475,0.9089320111116285,0.9143625899634739,15.440407236743889,15.473230100355792,22.04537113455798,22.124868144483237,1.491206880635456,1.4923914357943975,0.027264549848986536,0.027594236373709575,67.75872040889557,67.86855545193717,2.337335879332477,2.3274639031941393,22.472275071736068,22.36717392395988,1.254489635679369,1.252967679516765,0.36782734284056534,0.35397647114456754,4.806604216425104,4.7863630906948496,-0.14619784599333435,-0.14630596665897233,1.2697898099845653,1.2658031863736328,6.8256321361458845,6.81155803658204,7.128327958621083,7.096598268485571,0.0,0.0,-1.4578951219512155,-1.427630631276896,0.5450739491951326,0.544691468128326,0.3034437902627735,0.3012816726032209,0.028591708827304146,0.02853432001812194,0.1294378210748426,0.1362352818762976,0.1150715304544827,0.11379713924713622,0.03355999395907256,0.03363890357169811,720228141.3502461,727550353.4814837,67.75872040889557,67.86855545193717,67.75872040889557,67.86855545193717,0.9183295697551782,0.9178281806361911,high,high,mid,high,high,high,down,high,high,high,high,high,high,low,mid,high,high,mid,mid,mid,mid,low,mid,mid,mid,high,high,high,high
Solar5,24,96,48,2,1,5,14012,1.4327947883148384,1.439993279080063,0.048318147749210345,0.0495155874436444,0.9232534906183092,0.925997273436899,13.626072202249249,13.640929924647907,19.423484218360876,19.45467480082594,1.544738475085553,1.5452345921081774,0.023550923783315587,0.023711046933804075,60.29774157864696,60.313521624322085,2.205621918055201,2.1968108914163804,21.405147730516752,21.300735084213574,1.331980777235944,1.331248831658174,1.2457906384645439,1.2420034481464268,4.5826582536887335,4.563376701583319,-0.14038035931666926,-0.14148475118092965,22377.51870014317,22377.517050207087,6.45996913699545,6.446489381188255,6.818112109341862,6.7839616969326775,0.0,0.0,-1.2139012988866682,-1.2042713388524113,0.5444316498043458,0.5440646593564071,0.3212415624104417,0.31950322502432404,0.030716528689693687,0.03071652868969369,0.0753601211465802,0.08057666610035127,0.16211864159703265,0.16049894594969932,0.03592371951860791,0.035774223597818205,601279283.279489,604383493.8187891,60.29774157864696,60.313521624322085,60.29774157864696,60.313521624322085,0.9135310281830332,0.9132200235198042,high,mid,high,mid,high,high,down,high,high,high,high,high,high,low,high,high,high,mid,mid,mid,mid,mid,mid,high,high,high,high,high,high
Solar5,96,96,48,2,1,5,13940,1.423207900165878,1.4364857542497838,0.04683858800829364,0.048945783467276925,0.918659355406309,0.9242986211296204,13.586957761686978,13.62963038767335,19.360371058806116,19.434718773682473,1.5450075919647293,1.5456479905681806,0.023377156602768574,0.023679536300445853,60.170929340028785,60.24608500717368,2.207787631201389,2.1952971154572225,21.42340674318514,21.29384361549503,1.333492989943645,1.331824098561493,1.2558315445845993,1.2477982845222677,4.587525014643829,4.559821095357216,-0.14165418186842943,-0.14289638708564334,22493.093310742275,22493.090857547282,6.4650200576152415,6.44355320523893,6.824396596022145,6.777824481508261,0.0,0.0,-1.220171090387374,-1.2057137733142034,0.5445981512394552,0.5440835290011793,0.32277164795517277,0.31979764627265617,0.030766442648945756,0.030766442648945756,0.0714067437203721,0.07983137111366885,0.16284724652682475,0.16021267601749153,0.035864607717284405,0.03563278713282469,600540582.3036013,605664068.3979824,60.170929340028785,60.24608500717368,60.170929340028785,60.24608500717368,0.9136290153041943,0.9131408226855927,high,mid,high,mid,high,high,down,high,high,high,high,high,high,low,high,high,high,mid,mid,mid,mid,mid,mid,high,high,high,high,high,high
Solar6,24,96,48,2,1,5,14012,1.4470530243655113,1.4466118197684892,0.03668575556789339,0.036589884614906955,0.997590830507701,0.9974384263824144,5.538103676889835,5.541812371684831,7.765410566455711,7.772247249136656,1.4166637209854696,1.416895233066687,0.0448340455631242,0.04482667697564403,23.1579640892806,23.164492268055938,0.753861660514522,0.7531466448240611,6.353750872502184,6.348591895767956,1.114538540937472,1.1142270039883715,-0.09615310852526543,-0.09751109077136037,1.4909861280632979,1.4895454657986364,-0.11424427700252308,-0.11385565533874206,1.9518403903349353,1.949651199545975,2.168457539797423,2.1672393489556954,2.13524416515057,2.1337247921366327,0.0,0.0,-3.436827178253411,-3.4255928195251775,0.5342138276184956,0.5341859346156345,0.24466988760043737,0.2435112390542503,0.028855717655542488,0.02884144417566809,0.33484443546249804,0.33874536370364816,0.0684379484494689,0.06770479944548423,0.03458802229667795,0.03459290532926655,205952658.35074648,206782495.2950668,23.1579640892806,23.164492268055938,23.1579640892806,23.164492268055938,0.9210646017934229,0.9207917720267137,high,mid,high,mid,high,high,flat,high,mid,mid,high,high,mid,low,high,mid,mid,mid,low,low,mid,mid,mid,mid,mid,high,high,high,high
Solar6,96,96,48,2,1,5,13940,1.4491136177741681,1.4463828479493237,0.036875237232232586,0.0366968339969658,0.998747382531292,0.9969495745423579,5.542585202465546,5.539614370678737,7.770471139848597,7.769663747238166,1.4165148317883192,1.4170570084878658,0.044843020906904674,0.044772844900591906,23.17232430380199,23.15649165423241,0.7549910463898669,0.7514410517187198,6.363075837697317,6.342471851327158,1.1145842966989528,1.1149188948330886,-0.09559597827662798,-0.0948147532451653,1.4934335017313218,1.4866211989791935,-0.11395345046797904,-0.11574290214076599,1.9569757121741154,1.950076323454738,2.171156510345243,2.163289725149056,2.139086367963442,2.1304301936946914,0.0,0.0,-3.442240919604505,-3.4189648913907305,0.5342990247548102,0.5342016899277269,0.24519424998911543,0.2437438786328396,0.028896020539151874,0.028881673336856324,0.3329866284621598,0.33863844063636234,0.0686826932711818,0.0674351419065228,0.03463074831986702,0.03433663067280819,205961934.4704921,207366685.9757392,23.17232430380199,23.15649165423241,23.17232430380199,23.15649165423241,0.9211331100202745,0.9207080321587111,high,mid,high,mid,high,high,flat,high,mid,mid,high,high,mid,low,high,mid,mid,mid,low,mid,mid,mid,mid,low,mid,high,high,high,high
Solar7,24,96,48,2,1,5,14012,1.3699153238555428,1.377577289128713,0.03870443424769664,0.039463784969691065,0.9444322322334952,0.946085272230043,4.503403412997942,4.507202981654496,6.3186615051246555,6.327197868684112,1.3179178414030555,1.3184912311959085,0.03292748771425128,0.03294884305380555,19.89735266139734,19.907102924457575,0.8496004071840657,0.8473776547853696,7.997778591671409,7.967172645339693,1.083942198766066,1.0841401514225366,0.5017625529305348,0.5011826261872228,1.754556129068502,1.7496959713671356,-0.1956455079619765,-0.19625253591289368,1.7868152557495507,1.784300994928772,2.4483853787202614,2.4434238015812357,2.6934872929788907,2.6863530237774866,0.0,0.0,-2.870455924065085,-2.861594127033968,0.49071057747189073,0.49070635797078754,0.29013884501734605,0.28901234235985757,0.028855717655542554,0.028838439232536716,0.09196010125555613,0.09689795903695936,0.11289585916604099,0.11192428719577942,0.03540949862523833,0.0352799104526945,285013503.3355688,285946139.397044,19.89735266139734,19.907102924457575,19.89735266139734,19.907102924457575,0.822395376724586,0.8221231332904154,high,mid,high,low,mid,mid,flat,mid,mid,high,high,high,high,low,high,high,high,mid,mid,low,mid,mid,mid,mid,high,high,mid,mid,mid
Solar7,96,96,48,2,1,5,13940,1.3604275605064244,1.3723018142018553,0.037955416482988266,0.039029744714940084,0.9416174012453713,0.9441352029507492,4.493697229119595,4.501110570906944,6.305488822637419,6.318456071849789,1.3175438010921265,1.3179774954013517,0.03281659676391962,0.032889782099602465,19.879590350035837,19.893411920050184,0.8514364645254076,0.8478928787608526,8.026379458428966,7.971823753120499,1.084946361339553,1.0841463778473066,0.5093301490772496,0.5057878201471063,1.7590925720468304,1.7510800345583881,-0.19564114917775463,-0.1967961838550054,1.7907134279427006,1.7857353856501141,2.454405979752499,2.446262042048052,2.700398766674706,2.688182033813246,0.0,0.0,-2.8676330278335707,-2.8534390895265394,0.4905396216514956,0.4905178123538885,0.2913854592009399,0.2895090957535768,0.028896020539151947,0.02882428452767419,0.08751396705236468,0.09498421803449353,0.11337022877768162,0.11229584041012666,0.035565204258853546,0.03532621007324606,285409882.9797697,286845275.6361998,19.879590350035837,19.893411920050184,19.879590350035837,19.893411920050184,0.8219775302535497,0.8215702954596633,high,mid,high,low,mid,mid,flat,mid,mid,high,high,high,high,low,high,high,high,mid,mid,low,mid,mid,mid,mid,high,high,mid,mid,mid
Solar8,24,96,48,2,1,5,13858,1.2596622500813077,1.2575452686117319,0.026598604137825665,0.02618472744378215,0.9219211802493934,0.9190190215838951,4.3194866082166765,4.2995928006386235,5.825330349004774,5.802520749296335,1.367746251263197,1.3686828814344858,0.005802789500974381,0.005774221689166893,16.756417592726148,16.700317145331145,0.5193480262208428,0.5172373320369777,3.2722683648434203,3.2655466156732653,0.9412455216901241,0.9427889804440948,-0.742768649311797,-0.739055347897788,0.9253733501837655,0.9221758269347541,-0.10141705628587952,-0.10366732373934448,1.1363166831011513,1.1365557166990181,1.3098396178542393,1.3058634323471965,1.3206736742669065,1.3171215819051643,0.0,0.0,-0.23036296723914024,-0.2247236253427627,0.5335269175801011,0.533563046711778,0.3497252655576716,0.3500873954628827,0.0217818322686489,0.0217818322686489,0.0544223221297633,0.05477172196803125,0.05973142327501926,0.05946899588018812,0.04075548229789365,0.04050595893688614,112578998.65780291,113059558.56875494,16.756417592726148,16.700317145331145,16.756417592726148,16.700317145331145,0.9376060437517856,0.9372316355646949,mid,mid,mid,low,mid,mid,down,mid,mid,mid,mid,low,mid,low,mid,mid,mid,mid,high,low,mid,low,mid,low,high,high,mid,mid,high
Solar8,96,96,48,2,1,5,13786,1.2603016268169953,1.2573043449753318,0.026737520393296684,0.026202977715028324,0.9232996539959992,0.9192054073897923,4.331902231732678,4.303410030254125,5.840942999733031,5.808278837828228,1.3672782287697696,1.3687496662849015,0.005809956823742211,0.005769079408352535,16.797501450747056,16.713812926156898,0.5207333068635622,0.5177614055449095,3.277607355287982,3.2676755404033164,0.9405527822768619,0.9426092921569181,-0.7444878260627067,-0.740089645030933,0.9276144219286024,0.9231304706396654,-0.10033109799884725,-0.10342499303669052,1.1359658822509398,1.135938002803175,1.3131274726802862,1.3076960281755754,1.3232158516480106,1.3180763052436062,0.0,0.0,-0.23156608153198935,-0.22361236036558862,0.53351094425385,0.5334439929943673,0.34946269622067405,0.35004145536653986,0.02178564065756944,0.02178564065756944,0.05422838785677125,0.05493144231793123,0.05993343060144588,0.0596325508589106,0.04088587201356063,0.0405571632548657,112628504.52631892,113347378.66193862,16.797501450747056,16.713812926156898,16.797501450747056,16.713812926156898,0.9378357487001393,0.9372506857235138,mid,mid,mid,low,mid,high,down,mid,mid,mid,mid,low,mid,low,mid,mid,mid,mid,high,low,mid,low,mid,low,high,high,mid,mid,high
